n,m,graph_id,solver,penalty,feasible,feasible_seed_count,avg_minla_cost,lower_bound,approx_ratio,time_s,num_seeds,num_reads,num_sweeps,beta_schedule_type,beta_min,beta_max
10,21,0,PathIntegralAnnealingSampler,lucas,True,5,51.0,37.0,1.3783783783783783,3.978,5,10,1000,geometric,0.5,5.0
10,21,0,PathIntegralAnnealingSampler,exact,True,5,63.4,37.0,1.7135135135135136,3.964,5,10,1000,geometric,0.01,10.0
10,25,1,PathIntegralAnnealingSampler,lucas,True,5,67.0,50.000000000000014,1.3399999999999996,4.022,5,10,1000,geometric,0.5,5.0
10,25,1,PathIntegralAnnealingSampler,exact,True,5,82.6,50.000000000000014,1.6519999999999995,3.958,5,10,1000,geometric,0.01,10.0
10,19,2,PathIntegralAnnealingSampler,lucas,True,5,47.2,32.0,1.475,4.071,5,10,1000,geometric,0.5,5.0
10,19,2,PathIntegralAnnealingSampler,exact,True,5,58.8,32.0,1.8375,3.964,5,10,1000,geometric,0.01,10.0
10,27,3,PathIntegralAnnealingSampler,lucas,True,5,76.0,60.58877549200334,1.254357748326349,3.986,5,10,1000,geometric,0.5,5.0
10,27,3,PathIntegralAnnealingSampler,exact,True,5,88.6,60.58877549200334,1.4623170592330859,3.914,5,10,1000,geometric,0.01,10.0
10,23,4,PathIntegralAnnealingSampler,lucas,True,5,58.2,43.0,1.3534883720930233,3.981,5,10,1000,geometric,0.5,5.0
10,23,4,PathIntegralAnnealingSampler,exact,True,5,72.2,43.0,1.6790697674418604,4.009,5,10,1000,geometric,0.01,10.0
10,20,5,PathIntegralAnnealingSampler,lucas,True,5,39.0,34.0,1.1470588235294117,4.064,5,10,1000,geometric,0.5,5.0
10,20,5,PathIntegralAnnealingSampler,exact,True,5,57.8,34.0,1.7,3.988,5,10,1000,geometric,0.01,10.0
10,22,6,PathIntegralAnnealingSampler,lucas,True,5,52.0,40.0,1.3,4.009,5,10,1000,geometric,0.5,5.0
10,22,6,PathIntegralAnnealingSampler,exact,True,5,69.2,40.0,1.73,3.942,5,10,1000,geometric,0.01,10.0
10,20,7,PathIntegralAnnealingSampler,lucas,True,5,41.0,35.0,1.1714285714285715,3.992,5,10,1000,geometric,0.5,5.0
10,20,7,PathIntegralAnnealingSampler,exact,True,5,63.2,35.0,1.8057142857142858,3.936,5,10,1000,geometric,0.01,10.0
10,23,8,PathIntegralAnnealingSampler,lucas,True,5,57.2,43.0,1.330232558139535,3.917,5,10,1000,geometric,0.5,5.0
10,23,8,PathIntegralAnnealingSampler,exact,True,5,73.2,43.0,1.7023255813953488,3.93,5,10,1000,geometric,0.01,10.0
10,20,9,PathIntegralAnnealingSampler,lucas,True,5,48.0,34.5,1.391304347826087,4.012,5,10,1000,geometric,0.5,5.0
10,20,9,PathIntegralAnnealingSampler,exact,True,5,61.2,34.5,1.7739130434782608,4.072,5,10,1000,geometric,0.01,10.0
10,24,10,PathIntegralAnnealingSampler,lucas,True,5,56.2,46.0,1.2217391304347827,4.052,5,10,1000,geometric,0.5,5.0
10,24,10,PathIntegralAnnealingSampler,exact,True,5,76.6,46.0,1.6652173913043478,4.017,5,10,1000,geometric,0.01,10.0
10,25,11,PathIntegralAnnealingSampler,lucas,True,5,61.0,50.000000000000014,1.2199999999999998,4.116,5,10,1000,geometric,0.5,5.0
10,25,11,PathIntegralAnnealingSampler,exact,True,5,76.6,50.000000000000014,1.5319999999999994,4.002,5,10,1000,geometric,0.01,10.0
10,18,12,PathIntegralAnnealingSampler,lucas,True,5,38.0,31.0,1.2258064516129032,4.181,5,10,1000,geometric,0.5,5.0
10,18,12,PathIntegralAnnealingSampler,exact,True,5,52.4,31.0,1.6903225806451612,4.05,5,10,1000,geometric,0.01,10.0
10,26,13,PathIntegralAnnealingSampler,lucas,True,5,74.2,56.630695516535866,1.3102434876211964,4.123,5,10,1000,geometric,0.5,5.0
10,26,13,PathIntegralAnnealingSampler,exact,True,5,82.0,56.630695516535866,1.447977978233667,4.038,5,10,1000,geometric,0.01,10.0
10,24,14,PathIntegralAnnealingSampler,lucas,True,5,62.0,46.0,1.3478260869565217,4.043,5,10,1000,geometric,0.5,5.0
10,24,14,PathIntegralAnnealingSampler,exact,True,5,74.4,46.0,1.6173913043478263,4.028,5,10,1000,geometric,0.01,10.0
10,22,15,PathIntegralAnnealingSampler,lucas,True,5,51.2,40.0,1.28,4.007,5,10,1000,geometric,0.5,5.0
10,22,15,PathIntegralAnnealingSampler,exact,True,5,69.0,40.0,1.725,4.013,5,10,1000,geometric,0.01,10.0
10,19,16,PathIntegralAnnealingSampler,lucas,True,5,43.0,33.0,1.303030303030303,4.211,5,10,1000,geometric,0.5,5.0
10,19,16,PathIntegralAnnealingSampler,exact,True,5,57.4,33.0,1.7393939393939393,4.051,5,10,1000,geometric,0.01,10.0
10,18,17,PathIntegralAnnealingSampler,lucas,True,5,36.0,30.0,1.2,4.183,5,10,1000,geometric,0.5,5.0
10,18,17,PathIntegralAnnealingSampler,exact,True,5,52.8,30.0,1.76,4.047,5,10,1000,geometric,0.01,10.0
10,18,18,PathIntegralAnnealingSampler,lucas,True,5,37.0,31.0,1.1935483870967742,4.197,5,10,1000,geometric,0.5,5.0
10,18,18,PathIntegralAnnealingSampler,exact,True,5,52.0,31.0,1.6774193548387097,4.042,5,10,1000,geometric,0.01,10.0
10,24,19,PathIntegralAnnealingSampler,lucas,True,5,62.4,46.0,1.3565217391304347,4.04,5,10,1000,geometric,0.5,5.0
10,24,19,PathIntegralAnnealingSampler,exact,True,5,75.2,46.0,1.6347826086956523,4.006,5,10,1000,geometric,0.01,10.0
10,15,20,PathIntegralAnnealingSampler,lucas,True,5,31.0,25.0,1.24,4.225,5,10,1000,geometric,0.5,5.0
10,15,20,PathIntegralAnnealingSampler,exact,True,5,41.6,25.0,1.6640000000000001,4.019,5,10,1000,geometric,0.01,10.0
10,20,21,PathIntegralAnnealingSampler,lucas,True,5,45.0,34.0,1.3235294117647058,4.099,5,10,1000,geometric,0.5,5.0
10,20,21,PathIntegralAnnealingSampler,exact,True,5,60.6,34.0,1.7823529411764707,4.011,5,10,1000,geometric,0.01,10.0
10,28,22,PathIntegralAnnealingSampler,lucas,True,5,81.4,62.000000000000014,1.3129032258064515,4.042,5,10,1000,geometric,0.5,5.0
10,28,22,PathIntegralAnnealingSampler,exact,True,5,93.4,62.000000000000014,1.5064516129032255,4.013,5,10,1000,geometric,0.01,10.0
10,20,23,PathIntegralAnnealingSampler,lucas,True,5,50.0,34.0,1.4705882352941178,4.136,5,10,1000,geometric,0.5,5.0
10,20,23,PathIntegralAnnealingSampler,exact,True,5,59.2,34.0,1.7411764705882353,4.043,5,10,1000,geometric,0.01,10.0
10,20,24,PathIntegralAnnealingSampler,lucas,True,5,45.8,34.5,1.3275362318840578,3.979,5,10,1000,geometric,0.5,5.0
10,20,24,PathIntegralAnnealingSampler,exact,True,5,62.6,34.5,1.8144927536231885,3.967,5,10,1000,geometric,0.01,10.0
10,28,25,PathIntegralAnnealingSampler,lucas,True,5,75.0,62.000000000000014,1.2096774193548385,3.999,5,10,1000,geometric,0.5,5.0
10,28,25,PathIntegralAnnealingSampler,exact,True,5,90.4,62.000000000000014,1.458064516129032,3.971,5,10,1000,geometric,0.01,10.0
10,23,26,PathIntegralAnnealingSampler,lucas,True,5,56.0,43.0,1.302325581395349,4.087,5,10,1000,geometric,0.5,5.0
10,23,26,PathIntegralAnnealingSampler,exact,True,5,67.6,43.0,1.572093023255814,3.936,5,10,1000,geometric,0.01,10.0
10,20,27,PathIntegralAnnealingSampler,lucas,True,5,46.6,34.0,1.3705882352941177,4.018,5,10,1000,geometric,0.5,5.0
10,20,27,PathIntegralAnnealingSampler,exact,True,5,60.0,34.0,1.7647058823529411,3.962,5,10,1000,geometric,0.01,10.0
10,22,28,PathIntegralAnnealingSampler,lucas,True,5,51.6,40.0,1.29,3.952,5,10,1000,geometric,0.5,5.0
10,22,28,PathIntegralAnnealingSampler,exact,True,5,65.2,40.0,1.6300000000000001,3.964,5,10,1000,geometric,0.01,10.0
10,27,29,PathIntegralAnnealingSampler,lucas,True,5,69.0,58.000000000000014,1.1896551724137927,4.011,5,10,1000,geometric,0.5,5.0
10,27,29,PathIntegralAnnealingSampler,exact,True,5,86.2,58.000000000000014,1.4862068965517239,3.966,5,10,1000,geometric,0.01,10.0
10,23,30,PathIntegralAnnealingSampler,lucas,True,5,55.2,43.0,1.2837209302325583,4.014,5,10,1000,geometric,0.5,5.0
10,23,30,PathIntegralAnnealingSampler,exact,True,5,67.4,43.0,1.5674418604651164,3.937,5,10,1000,geometric,0.01,10.0
10,22,31,PathIntegralAnnealingSampler,lucas,True,5,51.0,40.0,1.275,4.11,5,10,1000,geometric,0.5,5.0
10,22,31,PathIntegralAnnealingSampler,exact,True,5,69.2,40.0,1.73,3.983,5,10,1000,geometric,0.01,10.0
10,21,32,PathIntegralAnnealingSampler,lucas,True,5,54.2,37.0,1.464864864864865,4.012,5,10,1000,geometric,0.5,5.0
10,21,32,PathIntegralAnnealingSampler,exact,True,5,62.2,37.0,1.6810810810810812,3.931,5,10,1000,geometric,0.01,10.0
10,21,33,PathIntegralAnnealingSampler,lucas,True,5,51.8,37.0,1.4,4.046,5,10,1000,geometric,0.5,5.0
10,21,33,PathIntegralAnnealingSampler,exact,True,5,64.0,37.0,1.7297297297297298,3.938,5,10,1000,geometric,0.01,10.0
10,19,34,PathIntegralAnnealingSampler,lucas,True,5,39.0,31.0,1.2580645161290323,4.051,5,10,1000,geometric,0.5,5.0
10,19,34,PathIntegralAnnealingSampler,exact,True,5,53.6,31.0,1.729032258064516,3.944,5,10,1000,geometric,0.01,10.0
10,29,35,PathIntegralAnnealingSampler,lucas,True,5,81.2,66.00000000000001,1.23030303030303,3.95,5,10,1000,geometric,0.5,5.0
10,29,35,PathIntegralAnnealingSampler,exact,True,5,94.2,66.00000000000001,1.427272727272727,3.929,5,10,1000,geometric,0.01,10.0
10,20,36,PathIntegralAnnealingSampler,lucas,True,5,47.4,34.0,1.3941176470588235,4.045,5,10,1000,geometric,0.5,5.0
10,20,36,PathIntegralAnnealingSampler,exact,True,5,62.6,34.0,1.8411764705882354,3.942,5,10,1000,geometric,0.01,10.0
10,18,37,PathIntegralAnnealingSampler,lucas,True,5,42.0,29.0,1.4482758620689655,4.015,5,10,1000,geometric,0.5,5.0
10,18,37,PathIntegralAnnealingSampler,exact,True,5,53.2,29.0,1.8344827586206898,3.954,5,10,1000,geometric,0.01,10.0
10,22,38,PathIntegralAnnealingSampler,lucas,True,5,48.0,40.0,1.2,4.01,5,10,1000,geometric,0.5,5.0
10,22,38,PathIntegralAnnealingSampler,exact,True,5,63.2,40.0,1.58,3.958,5,10,1000,geometric,0.01,10.0
10,17,39,PathIntegralAnnealingSampler,lucas,True,5,33.0,28.0,1.1785714285714286,4.207,5,10,1000,geometric,0.5,5.0
10,17,39,PathIntegralAnnealingSampler,exact,True,5,50.2,28.0,1.792857142857143,3.994,5,10,1000,geometric,0.01,10.0
10,25,40,PathIntegralAnnealingSampler,lucas,True,5,58.0,50.000000000000014,1.1599999999999997,4.015,5,10,1000,geometric,0.5,5.0
10,25,40,PathIntegralAnnealingSampler,exact,True,5,74.8,50.000000000000014,1.4959999999999996,3.901,5,10,1000,geometric,0.01,10.0
10,23,41,PathIntegralAnnealingSampler,lucas,True,5,59.0,43.0,1.372093023255814,4.044,5,10,1000,geometric,0.5,5.0
10,23,41,PathIntegralAnnealingSampler,exact,True,5,72.8,43.0,1.6930232558139535,3.949,5,10,1000,geometric,0.01,10.0
10,19,42,PathIntegralAnnealingSampler,lucas,True,5,42.4,32.0,1.325,4.064,5,10,1000,geometric,0.5,5.0
10,19,42,PathIntegralAnnealingSampler,exact,True,5,57.0,32.0,1.78125,3.963,5,10,1000,geometric,0.01,10.0
10,23,43,PathIntegralAnnealingSampler,lucas,True,5,58.0,43.0,1.3488372093023255,3.969,5,10,1000,geometric,0.5,5.0
10,23,43,PathIntegralAnnealingSampler,exact,True,5,71.0,43.0,1.6511627906976745,3.953,5,10,1000,geometric,0.01,10.0
10,19,44,PathIntegralAnnealingSampler,lucas,True,5,41.0,32.0,1.28125,4.145,5,10,1000,geometric,0.5,5.0
10,19,44,PathIntegralAnnealingSampler,exact,True,5,55.8,32.0,1.74375,3.968,5,10,1000,geometric,0.01,10.0
10,22,45,PathIntegralAnnealingSampler,lucas,True,5,45.0,40.0,1.125,4.033,5,10,1000,geometric,0.5,5.0
10,22,45,PathIntegralAnnealingSampler,exact,True,5,69.0,40.0,1.725,3.954,5,10,1000,geometric,0.01,10.0
10,22,46,PathIntegralAnnealingSampler,lucas,True,5,48.0,40.0,1.2,4.034,5,10,1000,geometric,0.5,5.0
10,22,46,PathIntegralAnnealingSampler,exact,True,5,65.2,40.0,1.6300000000000001,3.934,5,10,1000,geometric,0.01,10.0
10,22,47,PathIntegralAnnealingSampler,lucas,True,5,51.0,40.0,1.275,4.075,5,10,1000,geometric,0.5,5.0
10,22,47,PathIntegralAnnealingSampler,exact,True,5,65.8,40.0,1.645,3.962,5,10,1000,geometric,0.01,10.0
10,30,48,PathIntegralAnnealingSampler,lucas,True,5,84.2,70.00000000000001,1.2028571428571426,3.952,5,10,1000,geometric,0.5,5.0
10,30,48,PathIntegralAnnealingSampler,exact,True,5,98.8,70.00000000000001,1.411428571428571,3.909,5,10,1000,geometric,0.01,10.0
10,24,49,PathIntegralAnnealingSampler,lucas,True,5,64.2,46.0,1.3956521739130436,3.986,5,10,1000,geometric,0.5,5.0
10,24,49,PathIntegralAnnealingSampler,exact,True,5,74.2,46.0,1.6130434782608696,3.928,5,10,1000,geometric,0.01,10.0
10,16,50,PathIntegralAnnealingSampler,lucas,True,5,34.0,27.0,1.2592592592592593,4.133,5,10,1000,geometric,0.5,5.0
10,16,50,PathIntegralAnnealingSampler,exact,True,5,48.4,27.0,1.7925925925925925,3.98,5,10,1000,geometric,0.01,10.0
10,28,51,PathIntegralAnnealingSampler,lucas,True,5,78.0,62.000000000000014,1.258064516129032,4.046,5,10,1000,geometric,0.5,5.0
10,28,51,PathIntegralAnnealingSampler,exact,True,5,88.8,62.000000000000014,1.4322580645161287,3.926,5,10,1000,geometric,0.01,10.0
10,24,52,PathIntegralAnnealingSampler,lucas,True,5,57.8,46.0,1.2565217391304346,4.001,5,10,1000,geometric,0.5,5.0
10,24,52,PathIntegralAnnealingSampler,exact,True,5,71.2,46.0,1.547826086956522,3.92,5,10,1000,geometric,0.01,10.0
10,21,53,PathIntegralAnnealingSampler,lucas,True,5,52.0,37.0,1.4054054054054055,4.081,5,10,1000,geometric,0.5,5.0
10,21,53,PathIntegralAnnealingSampler,exact,True,5,62.4,37.0,1.6864864864864864,3.961,5,10,1000,geometric,0.01,10.0
10,21,54,PathIntegralAnnealingSampler,lucas,True,5,48.2,37.0,1.3027027027027027,4.076,5,10,1000,geometric,0.5,5.0
10,21,54,PathIntegralAnnealingSampler,exact,True,5,60.4,37.0,1.6324324324324324,4.036,5,10,1000,geometric,0.01,10.0
10,28,55,PathIntegralAnnealingSampler,lucas,True,5,75.6,62.000000000000014,1.219354838709677,4.014,5,10,1000,geometric,0.5,5.0
10,28,55,PathIntegralAnnealingSampler,exact,True,5,88.4,62.000000000000014,1.425806451612903,3.991,5,10,1000,geometric,0.01,10.0
10,23,56,PathIntegralAnnealingSampler,lucas,True,5,53.2,43.0,1.2372093023255815,4.107,5,10,1000,geometric,0.5,5.0
10,23,56,PathIntegralAnnealingSampler,exact,True,5,69.4,43.0,1.6139534883720932,3.994,5,10,1000,geometric,0.01,10.0
10,18,57,PathIntegralAnnealingSampler,lucas,True,5,39.0,31.0,1.2580645161290323,4.185,5,10,1000,geometric,0.5,5.0
10,18,57,PathIntegralAnnealingSampler,exact,True,5,52.2,31.0,1.6838709677419357,4.034,5,10,1000,geometric,0.01,10.0
10,21,58,PathIntegralAnnealingSampler,lucas,True,5,48.0,37.0,1.2972972972972974,4.151,5,10,1000,geometric,0.5,5.0
10,21,58,PathIntegralAnnealingSampler,exact,True,5,62.2,37.0,1.6810810810810812,4.047,5,10,1000,geometric,0.01,10.0
10,24,59,PathIntegralAnnealingSampler,lucas,True,5,63.0,46.0,1.3695652173913044,4.159,5,10,1000,geometric,0.5,5.0
10,24,59,PathIntegralAnnealingSampler,exact,True,5,76.4,46.0,1.6608695652173915,4.011,5,10,1000,geometric,0.01,10.0
10,23,60,PathIntegralAnnealingSampler,lucas,True,5,60.4,43.0,1.4046511627906977,4.108,5,10,1000,geometric,0.5,5.0
10,23,60,PathIntegralAnnealingSampler,exact,True,5,69.0,43.0,1.6046511627906976,3.997,5,10,1000,geometric,0.01,10.0
10,26,61,PathIntegralAnnealingSampler,lucas,True,5,67.0,54.000000000000014,1.2407407407407405,4.145,5,10,1000,geometric,0.5,5.0
10,26,61,PathIntegralAnnealingSampler,exact,True,5,82.8,54.000000000000014,1.5333333333333328,4.022,5,10,1000,geometric,0.01,10.0
10,25,62,PathIntegralAnnealingSampler,lucas,True,5,66.0,50.000000000000014,1.3199999999999996,4.02,5,10,1000,geometric,0.5,5.0
10,25,62,PathIntegralAnnealingSampler,exact,True,5,76.6,50.000000000000014,1.5319999999999994,4.021,5,10,1000,geometric,0.01,10.0
10,19,63,PathIntegralAnnealingSampler,lucas,True,5,43.0,32.0,1.34375,4.138,5,10,1000,geometric,0.5,5.0
10,19,63,PathIntegralAnnealingSampler,exact,True,5,58.8,32.0,1.8375,4.015,5,10,1000,geometric,0.01,10.0
10,17,64,PathIntegralAnnealingSampler,lucas,True,5,35.0,27.0,1.2962962962962963,4.212,5,10,1000,geometric,0.5,5.0
10,17,64,PathIntegralAnnealingSampler,exact,True,5,50.4,27.0,1.8666666666666667,4.043,5,10,1000,geometric,0.01,10.0
10,24,65,PathIntegralAnnealingSampler,lucas,True,5,62.0,46.0,1.3478260869565217,4.118,5,10,1000,geometric,0.5,5.0
10,24,65,PathIntegralAnnealingSampler,exact,True,5,78.6,46.0,1.708695652173913,3.993,5,10,1000,geometric,0.01,10.0
10,30,66,PathIntegralAnnealingSampler,lucas,True,5,84.0,70.00000000000001,1.1999999999999997,4.081,5,10,1000,geometric,0.5,5.0
10,30,66,PathIntegralAnnealingSampler,exact,True,5,97.8,70.00000000000001,1.3971428571428568,4.07,5,10,1000,geometric,0.01,10.0
10,17,67,PathIntegralAnnealingSampler,lucas,True,5,38.8,29.0,1.3379310344827586,4.169,5,10,1000,geometric,0.5,5.0
10,17,67,PathIntegralAnnealingSampler,exact,True,5,50.6,29.0,1.7448275862068967,4.03,5,10,1000,geometric,0.01,10.0
10,25,68,PathIntegralAnnealingSampler,lucas,True,5,64.0,50.000000000000014,1.2799999999999996,4.092,5,10,1000,geometric,0.5,5.0
10,25,68,PathIntegralAnnealingSampler,exact,True,5,78.0,50.000000000000014,1.5599999999999996,4.007,5,10,1000,geometric,0.01,10.0
10,20,69,PathIntegralAnnealingSampler,lucas,True,5,49.2,34.0,1.447058823529412,5.917,5,10,1000,geometric,0.5,5.0
10,20,69,PathIntegralAnnealingSampler,exact,True,5,59.6,34.0,1.7529411764705882,3.911,5,10,1000,geometric,0.01,10.0
10,21,70,PathIntegralAnnealingSampler,lucas,True,5,44.0,37.0,1.1891891891891893,4.022,5,10,1000,geometric,0.5,5.0
10,21,70,PathIntegralAnnealingSampler,exact,True,5,64.4,37.0,1.7405405405405407,3.928,5,10,1000,geometric,0.01,10.0
10,18,71,PathIntegralAnnealingSampler,lucas,True,5,34.0,28.0,1.2142857142857142,4.022,5,10,1000,geometric,0.5,5.0
10,18,71,PathIntegralAnnealingSampler,exact,True,5,52.0,28.0,1.8571428571428572,3.944,5,10,1000,geometric,0.01,10.0
10,25,72,PathIntegralAnnealingSampler,lucas,True,5,65.0,50.000000000000014,1.2999999999999996,3.966,5,10,1000,geometric,0.5,5.0
10,25,72,PathIntegralAnnealingSampler,exact,True,5,80.4,50.000000000000014,1.6079999999999997,3.901,5,10,1000,geometric,0.01,10.0
10,22,73,PathIntegralAnnealingSampler,lucas,True,5,56.0,40.0,1.4,4.074,5,10,1000,geometric,0.5,5.0
10,22,73,PathIntegralAnnealingSampler,exact,True,5,70.4,40.0,1.7600000000000002,3.908,5,10,1000,geometric,0.01,10.0
10,27,74,PathIntegralAnnealingSampler,lucas,True,5,75.2,58.000000000000014,1.2965517241379307,4.024,5,10,1000,geometric,0.5,5.0
10,27,74,PathIntegralAnnealingSampler,exact,True,5,88.2,58.000000000000014,1.5206896551724134,3.918,5,10,1000,geometric,0.01,10.0
10,24,75,PathIntegralAnnealingSampler,lucas,True,5,59.2,46.0,1.2869565217391306,3.963,5,10,1000,geometric,0.5,5.0
10,24,75,PathIntegralAnnealingSampler,exact,True,5,74.6,46.0,1.6217391304347826,3.912,5,10,1000,geometric,0.01,10.0
10,22,76,PathIntegralAnnealingSampler,lucas,True,5,52.0,40.0,1.3,4.017,5,10,1000,geometric,0.5,5.0
10,22,76,PathIntegralAnnealingSampler,exact,True,5,69.0,40.0,1.725,3.905,5,10,1000,geometric,0.01,10.0
10,25,77,PathIntegralAnnealingSampler,lucas,True,5,62.0,50.000000000000014,1.2399999999999995,3.965,5,10,1000,geometric,0.5,5.0
10,25,77,PathIntegralAnnealingSampler,exact,True,5,80.6,50.000000000000014,1.6119999999999994,3.894,5,10,1000,geometric,0.01,10.0
10,16,78,PathIntegralAnnealingSampler,lucas,True,5,33.0,28.0,1.1785714285714286,4.182,5,10,1000,geometric,0.5,5.0
10,16,78,PathIntegralAnnealingSampler,exact,True,5,45.6,28.0,1.6285714285714286,3.919,5,10,1000,geometric,0.01,10.0
10,19,79,PathIntegralAnnealingSampler,lucas,True,5,43.0,31.0,1.3870967741935485,4.069,5,10,1000,geometric,0.5,5.0
10,19,79,PathIntegralAnnealingSampler,exact,True,5,56.2,31.0,1.8129032258064517,3.923,5,10,1000,geometric,0.01,10.0
10,22,80,PathIntegralAnnealingSampler,lucas,True,5,53.0,40.0,1.325,3.926,5,10,1000,geometric,0.5,5.0
10,22,80,PathIntegralAnnealingSampler,exact,True,5,64.2,40.0,1.605,3.91,5,10,1000,geometric,0.01,10.0
10,19,81,PathIntegralAnnealingSampler,lucas,True,5,41.2,31.0,1.3290322580645162,3.96,5,10,1000,geometric,0.5,5.0
10,19,81,PathIntegralAnnealingSampler,exact,True,5,56.0,31.0,1.8064516129032258,3.908,5,10,1000,geometric,0.01,10.0
10,18,82,PathIntegralAnnealingSampler,lucas,True,5,35.0,31.0,1.1290322580645162,4.056,5,10,1000,geometric,0.5,5.0
10,18,82,PathIntegralAnnealingSampler,exact,True,5,50.8,31.0,1.6387096774193548,3.928,5,10,1000,geometric,0.01,10.0
10,27,83,PathIntegralAnnealingSampler,lucas,True,5,74.2,58.000000000000014,1.279310344827586,3.993,5,10,1000,geometric,0.5,5.0
10,27,83,PathIntegralAnnealingSampler,exact,True,5,89.4,58.000000000000014,1.5413793103448272,3.905,5,10,1000,geometric,0.01,10.0
10,23,84,PathIntegralAnnealingSampler,lucas,True,5,54.2,43.0,1.2604651162790699,4.031,5,10,1000,geometric,0.5,5.0
10,23,84,PathIntegralAnnealingSampler,exact,True,5,72.2,43.0,1.6790697674418604,3.927,5,10,1000,geometric,0.01,10.0
10,23,85,PathIntegralAnnealingSampler,lucas,True,5,54.0,43.0,1.255813953488372,3.969,5,10,1000,geometric,0.5,5.0
10,23,85,PathIntegralAnnealingSampler,exact,True,5,70.4,43.0,1.6372093023255816,3.953,5,10,1000,geometric,0.01,10.0
10,24,86,PathIntegralAnnealingSampler,lucas,True,5,58.0,46.0,1.2608695652173914,3.986,5,10,1000,geometric,0.5,5.0
10,24,86,PathIntegralAnnealingSampler,exact,True,5,74.2,46.0,1.6130434782608696,3.912,5,10,1000,geometric,0.01,10.0
10,22,87,PathIntegralAnnealingSampler,lucas,True,5,53.6,40.0,1.34,3.918,5,10,1000,geometric,0.5,5.0
10,22,87,PathIntegralAnnealingSampler,exact,True,5,64.8,40.0,1.6199999999999999,3.916,5,10,1000,geometric,0.01,10.0
10,23,88,PathIntegralAnnealingSampler,lucas,True,5,51.0,43.0,1.186046511627907,4.015,5,10,1000,geometric,0.5,5.0
10,23,88,PathIntegralAnnealingSampler,exact,True,5,73.2,43.0,1.7023255813953488,3.954,5,10,1000,geometric,0.01,10.0
10,20,89,PathIntegralAnnealingSampler,lucas,True,5,46.8,34.0,1.3764705882352941,3.968,5,10,1000,geometric,0.5,5.0
10,20,89,PathIntegralAnnealingSampler,exact,True,5,61.0,34.0,1.7941176470588236,3.931,5,10,1000,geometric,0.01,10.0
10,22,90,PathIntegralAnnealingSampler,lucas,True,5,57.2,40.0,1.4300000000000002,4.045,5,10,1000,geometric,0.5,5.0
10,22,90,PathIntegralAnnealingSampler,exact,True,5,66.8,40.0,1.67,3.941,5,10,1000,geometric,0.01,10.0
10,24,91,PathIntegralAnnealingSampler,lucas,True,5,56.0,46.0,1.2173913043478262,3.948,5,10,1000,geometric,0.5,5.0
10,24,91,PathIntegralAnnealingSampler,exact,True,5,75.0,46.0,1.6304347826086956,3.915,5,10,1000,geometric,0.01,10.0
10,23,92,PathIntegralAnnealingSampler,lucas,True,5,55.2,43.0,1.2837209302325583,4.0,5,10,1000,geometric,0.5,5.0
10,23,92,PathIntegralAnnealingSampler,exact,True,5,72.0,43.0,1.6744186046511629,3.918,5,10,1000,geometric,0.01,10.0
10,27,93,PathIntegralAnnealingSampler,lucas,True,5,69.8,58.000000000000014,1.2034482758620686,3.964,5,10,1000,geometric,0.5,5.0
10,27,93,PathIntegralAnnealingSampler,exact,True,5,83.4,58.000000000000014,1.4379310344827583,3.897,5,10,1000,geometric,0.01,10.0
10,25,94,PathIntegralAnnealingSampler,lucas,True,5,62.4,50.000000000000014,1.2479999999999996,3.958,5,10,1000,geometric,0.5,5.0
10,25,94,PathIntegralAnnealingSampler,exact,True,5,82.2,50.000000000000014,1.6439999999999997,3.911,5,10,1000,geometric,0.01,10.0
10,26,95,PathIntegralAnnealingSampler,lucas,True,5,69.6,54.000000000000014,1.2888888888888885,3.997,5,10,1000,geometric,0.5,5.0
10,26,95,PathIntegralAnnealingSampler,exact,True,5,85.2,54.000000000000014,1.5777777777777775,3.945,5,10,1000,geometric,0.01,10.0
10,24,96,PathIntegralAnnealingSampler,lucas,True,5,59.8,46.0,1.3,4.02,5,10,1000,geometric,0.5,5.0
10,24,96,PathIntegralAnnealingSampler,exact,True,5,75.8,46.0,1.6478260869565218,3.913,5,10,1000,geometric,0.01,10.0
10,25,97,PathIntegralAnnealingSampler,lucas,True,5,63.0,50.000000000000014,1.2599999999999996,3.989,5,10,1000,geometric,0.5,5.0
10,25,97,PathIntegralAnnealingSampler,exact,True,5,79.4,50.000000000000014,1.5879999999999996,3.905,5,10,1000,geometric,0.01,10.0
10,21,98,PathIntegralAnnealingSampler,lucas,True,5,55.0,37.619145031507024,1.4620215306311735,4.039,5,10,1000,geometric,0.5,5.0
10,21,98,PathIntegralAnnealingSampler,exact,True,5,65.4,37.619145031507024,1.7384765109687044,3.969,5,10,1000,geometric,0.01,10.0
10,25,99,PathIntegralAnnealingSampler,lucas,True,5,58.0,50.000000000000014,1.1599999999999997,3.961,5,10,1000,geometric,0.5,5.0
10,25,99,PathIntegralAnnealingSampler,exact,True,5,72.2,50.000000000000014,1.4439999999999997,3.944,5,10,1000,geometric,0.01,10.0
15,52,0,PathIntegralAnnealingSampler,lucas,True,5,196.2,130.0,1.5092307692307692,11.44,5,10,1000,geometric,0.5,5.0
15,52,0,PathIntegralAnnealingSampler,exact,True,5,253.8,130.0,1.9523076923076923,10.966,5,10,1000,geometric,0.01,10.0
15,57,1,PathIntegralAnnealingSampler,lucas,True,5,213.8,158.44971975379113,1.3493239390528147,11.497,5,10,1000,geometric,0.5,5.0
15,57,1,PathIntegralAnnealingSampler,exact,True,5,278.4,158.44971975379113,1.7570242499172288,10.94,5,10,1000,geometric,0.01,10.0
15,48,2,PathIntegralAnnealingSampler,lucas,True,5,171.6,117.12997260862763,1.4650391883329117,11.797,5,10,1000,geometric,0.5,5.0
15,48,2,PathIntegralAnnealingSampler,exact,True,5,230.4,117.12997260862763,1.9670456234959375,11.152,5,10,1000,geometric,0.01,10.0
15,52,3,PathIntegralAnnealingSampler,lucas,True,5,192.4,130.0,1.48,11.377,5,10,1000,geometric,0.5,5.0
15,52,3,PathIntegralAnnealingSampler,exact,True,5,244.6,130.0,1.8815384615384616,11.236,5,10,1000,geometric,0.01,10.0
15,53,4,PathIntegralAnnealingSampler,lucas,True,5,194.4,135.0,1.44,11.196,5,10,1000,geometric,0.5,5.0
15,53,4,PathIntegralAnnealingSampler,exact,True,5,261.2,135.0,1.9348148148148148,11.159,5,10,1000,geometric,0.01,10.0
15,51,5,PathIntegralAnnealingSampler,lucas,True,5,185.2,125.0,1.4815999999999998,11.46,5,10,1000,geometric,0.5,5.0
15,51,5,PathIntegralAnnealingSampler,exact,True,5,242.2,125.0,1.9376,11.019,5,10,1000,geometric,0.01,10.0
15,51,6,PathIntegralAnnealingSampler,lucas,True,5,178.0,125.0,1.424,11.309,5,10,1000,geometric,0.5,5.0
15,51,6,PathIntegralAnnealingSampler,exact,True,5,243.8,125.0,1.9504000000000001,11.044,5,10,1000,geometric,0.01,10.0
15,45,7,PathIntegralAnnealingSampler,lucas,True,5,167.2,128.3015133988632,1.3031802631993072,11.804,5,10,1000,geometric,0.5,5.0
15,45,7,PathIntegralAnnealingSampler,exact,True,5,216.8,128.3015133988632,1.6897696235742217,11.154,5,10,1000,geometric,0.01,10.0
15,44,8,PathIntegralAnnealingSampler,lucas,True,5,172.8,120.09240222499979,1.438892026460172,11.586,5,10,1000,geometric,0.5,5.0
15,44,8,PathIntegralAnnealingSampler,exact,True,5,215.2,120.09240222499979,1.7919534959156769,10.95,5,10,1000,geometric,0.01,10.0
15,55,9,PathIntegralAnnealingSampler,lucas,True,5,201.4,145.0,1.3889655172413793,11.107,5,10,1000,geometric,0.5,5.0
15,55,9,PathIntegralAnnealingSampler,exact,True,5,265.4,145.0,1.8303448275862066,10.913,5,10,1000,geometric,0.01,10.0
15,50,10,PathIntegralAnnealingSampler,lucas,True,5,183.6,120.00000000000006,1.5299999999999991,11.255,5,10,1000,geometric,0.5,5.0
15,50,10,PathIntegralAnnealingSampler,exact,True,5,243.8,120.00000000000006,2.031666666666666,10.917,5,10,1000,geometric,0.01,10.0
15,54,11,PathIntegralAnnealingSampler,lucas,True,5,211.0,146.03235648319463,1.4448852643440142,11.31,5,10,1000,geometric,0.5,5.0
15,54,11,PathIntegralAnnealingSampler,exact,True,5,259.8,146.03235648319463,1.779057780457701,10.879,5,10,1000,geometric,0.01,10.0
15,54,12,PathIntegralAnnealingSampler,lucas,True,5,206.0,140.0,1.4714285714285715,11.305,5,10,1000,geometric,0.5,5.0
15,54,12,PathIntegralAnnealingSampler,exact,True,5,264.4,140.0,1.8885714285714283,10.926,5,10,1000,geometric,0.01,10.0
15,55,13,PathIntegralAnnealingSampler,lucas,True,5,214.2,149.06043865626646,1.4370010039615235,11.261,5,10,1000,geometric,0.5,5.0
15,55,13,PathIntegralAnnealingSampler,exact,True,5,277.2,149.06043865626646,1.859648358067854,10.851,5,10,1000,geometric,0.01,10.0
15,46,14,PathIntegralAnnealingSampler,lucas,True,1,153.0,104.00000000000006,1.4711538461538454,11.297,5,10,1000,geometric,0.5,5.0
15,46,14,PathIntegralAnnealingSampler,exact,True,5,231.4,104.00000000000006,2.2249999999999988,10.961,5,10,1000,geometric,0.01,10.0
15,53,15,PathIntegralAnnealingSampler,lucas,True,4,203.25,135.0,1.5055555555555555,11.235,5,10,1000,geometric,0.5,5.0
15,53,15,PathIntegralAnnealingSampler,exact,True,5,246.4,135.0,1.8251851851851852,11.208,5,10,1000,geometric,0.01,10.0
15,46,16,PathIntegralAnnealingSampler,lucas,True,5,167.8,104.00000000000006,1.6134615384615376,11.404,5,10,1000,geometric,0.5,5.0
15,46,16,PathIntegralAnnealingSampler,exact,True,5,226.0,104.00000000000006,2.173076923076922,10.993,5,10,1000,geometric,0.01,10.0
15,50,17,PathIntegralAnnealingSampler,lucas,True,5,170.0,120.00000000000006,1.416666666666666,11.483,5,10,1000,geometric,0.5,5.0
15,50,17,PathIntegralAnnealingSampler,exact,True,5,241.8,120.00000000000006,2.0149999999999992,11.16,5,10,1000,geometric,0.01,10.0
15,50,18,PathIntegralAnnealingSampler,lucas,True,5,179.4,120.38148166294452,1.4902624350670572,11.292,5,10,1000,geometric,0.5,5.0
15,50,18,PathIntegralAnnealingSampler,exact,True,5,237.8,120.38148166294452,1.9753868843865452,11.036,5,10,1000,geometric,0.01,10.0
15,50,19,PathIntegralAnnealingSampler,lucas,True,5,182.8,120.00000000000006,1.5233333333333328,11.488,5,10,1000,geometric,0.5,5.0
15,50,19,PathIntegralAnnealingSampler,exact,True,5,236.0,120.00000000000006,1.9666666666666657,11.007,5,10,1000,geometric,0.01,10.0
15,50,20,PathIntegralAnnealingSampler,lucas,True,5,167.4,120.00000000000006,1.3949999999999994,11.625,5,10,1000,geometric,0.5,5.0
15,50,20,PathIntegralAnnealingSampler,exact,True,5,234.4,120.00000000000006,1.9533333333333325,11.076,5,10,1000,geometric,0.01,10.0
15,60,21,PathIntegralAnnealingSampler,lucas,True,5,234.8,170.0,1.3811764705882354,10.815,5,10,1000,geometric,0.5,5.0
15,60,21,PathIntegralAnnealingSampler,exact,True,5,290.2,170.0,1.7070588235294117,10.843,5,10,1000,geometric,0.01,10.0
15,54,22,PathIntegralAnnealingSampler,lucas,True,5,208.0,140.0,1.4857142857142858,11.182,5,10,1000,geometric,0.5,5.0
15,54,22,PathIntegralAnnealingSampler,exact,True,5,254.8,140.0,1.82,10.851,5,10,1000,geometric,0.01,10.0
15,50,23,PathIntegralAnnealingSampler,lucas,True,5,187.8,131.60900488769335,1.4269540306930855,11.549,5,10,1000,geometric,0.5,5.0
15,50,23,PathIntegralAnnealingSampler,exact,True,5,244.2,131.60900488769335,1.8554961357574624,11.031,5,10,1000,geometric,0.01,10.0
15,57,24,PathIntegralAnnealingSampler,lucas,True,5,221.6,155.0,1.4296774193548387,11.561,5,10,1000,geometric,0.5,5.0
15,57,24,PathIntegralAnnealingSampler,exact,True,5,276.6,155.0,1.7845161290322582,11.025,5,10,1000,geometric,0.01,10.0
15,48,25,PathIntegralAnnealingSampler,lucas,True,5,177.4,115.97929363272009,1.529583380303947,11.676,5,10,1000,geometric,0.5,5.0
15,48,25,PathIntegralAnnealingSampler,exact,True,5,228.2,115.97929363272009,1.9675926008193947,11.022,5,10,1000,geometric,0.01,10.0
15,58,26,PathIntegralAnnealingSampler,lucas,True,5,229.2,165.2615534362208,1.3868924455466582,11.412,5,10,1000,geometric,0.5,5.0
15,58,26,PathIntegralAnnealingSampler,exact,True,5,281.6,165.2615534362208,1.7039655875477269,10.987,5,10,1000,geometric,0.01,10.0
15,49,27,PathIntegralAnnealingSampler,lucas,True,5,171.6,116.00000000000006,1.4793103448275855,11.419,5,10,1000,geometric,0.5,5.0
15,49,27,PathIntegralAnnealingSampler,exact,True,5,231.0,116.00000000000006,1.9913793103448265,11.2,5,10,1000,geometric,0.01,10.0
15,55,28,PathIntegralAnnealingSampler,lucas,True,5,201.4,145.0,1.3889655172413793,11.523,5,10,1000,geometric,0.5,5.0
15,55,28,PathIntegralAnnealingSampler,exact,True,5,266.2,145.0,1.8358620689655172,10.989,5,10,1000,geometric,0.01,10.0
15,53,29,PathIntegralAnnealingSampler,lucas,True,5,204.6,140.06484781312813,1.460751953073718,11.331,5,10,1000,geometric,0.5,5.0
15,53,29,PathIntegralAnnealingSampler,exact,True,5,256.0,140.06484781312813,1.8277248288703414,10.99,5,10,1000,geometric,0.01,10.0
15,45,30,PathIntegralAnnealingSampler,lucas,True,5,155.2,100.00000000000006,1.551999999999999,11.879,5,10,1000,geometric,0.5,5.0
15,45,30,PathIntegralAnnealingSampler,exact,True,5,212.4,100.00000000000006,2.1239999999999988,10.97,5,10,1000,geometric,0.01,10.0
15,55,31,PathIntegralAnnealingSampler,lucas,True,5,213.6,145.0,1.473103448275862,11.303,5,10,1000,geometric,0.5,5.0
15,55,31,PathIntegralAnnealingSampler,exact,True,5,275.8,145.0,1.9020689655172414,10.935,5,10,1000,geometric,0.01,10.0
15,57,32,PathIntegralAnnealingSampler,lucas,True,5,222.0,155.0,1.4322580645161291,11.42,5,10,1000,geometric,0.5,5.0
15,57,32,PathIntegralAnnealingSampler,exact,True,5,279.8,155.0,1.8051612903225807,10.888,5,10,1000,geometric,0.01,10.0
15,53,33,PathIntegralAnnealingSampler,lucas,True,5,190.4,135.0,1.4103703703703705,11.421,5,10,1000,geometric,0.5,5.0
15,53,33,PathIntegralAnnealingSampler,exact,True,5,255.0,135.0,1.8888888888888888,10.94,5,10,1000,geometric,0.01,10.0
15,38,34,PathIntegralAnnealingSampler,lucas,True,5,132.0,73.97972910718417,1.7842725513194868,11.802,5,10,1000,geometric,0.5,5.0
15,38,34,PathIntegralAnnealingSampler,exact,True,5,179.2,73.97972910718417,2.422285160579182,11.215,5,10,1000,geometric,0.01,10.0
15,50,35,PathIntegralAnnealingSampler,lucas,True,5,186.6,120.00000000000006,1.5549999999999993,11.467,5,10,1000,geometric,0.5,5.0
15,50,35,PathIntegralAnnealingSampler,exact,True,5,230.6,120.00000000000006,1.9216666666666657,11.059,5,10,1000,geometric,0.01,10.0
15,51,36,PathIntegralAnnealingSampler,lucas,True,5,192.6,125.0,1.5408,11.661,5,10,1000,geometric,0.5,5.0
15,51,36,PathIntegralAnnealingSampler,exact,True,5,250.4,125.0,2.0032,11.061,5,10,1000,geometric,0.01,10.0
15,56,37,PathIntegralAnnealingSampler,lucas,True,5,216.0,150.0,1.44,11.256,5,10,1000,geometric,0.5,5.0
15,56,37,PathIntegralAnnealingSampler,exact,True,5,286.2,150.0,1.908,10.974,5,10,1000,geometric,0.01,10.0
15,53,38,PathIntegralAnnealingSampler,lucas,True,5,200.0,135.0,1.4814814814814814,11.155,5,10,1000,geometric,0.5,5.0
15,53,38,PathIntegralAnnealingSampler,exact,True,5,254.2,135.0,1.882962962962963,11.128,5,10,1000,geometric,0.01,10.0
15,48,39,PathIntegralAnnealingSampler,lucas,True,3,184.33333333333334,112.00000000000006,1.6458333333333326,11.885,5,10,1000,geometric,0.5,5.0
15,48,39,PathIntegralAnnealingSampler,exact,True,5,234.4,112.00000000000006,2.0928571428571416,10.973,5,10,1000,geometric,0.01,10.0
15,58,40,PathIntegralAnnealingSampler,lucas,True,5,216.4,160.0,1.3525,11.335,5,10,1000,geometric,0.5,5.0
15,58,40,PathIntegralAnnealingSampler,exact,True,5,280.6,160.0,1.7537500000000001,10.934,5,10,1000,geometric,0.01,10.0
15,61,41,PathIntegralAnnealingSampler,lucas,True,5,230.4,176.0,1.309090909090909,11.183,5,10,1000,geometric,0.5,5.0
15,61,41,PathIntegralAnnealingSampler,exact,True,5,304.2,176.0,1.7284090909090908,10.918,5,10,1000,geometric,0.01,10.0
15,55,42,PathIntegralAnnealingSampler,lucas,True,5,207.0,145.0,1.4275862068965517,11.459,5,10,1000,geometric,0.5,5.0
15,55,42,PathIntegralAnnealingSampler,exact,True,5,273.2,145.0,1.8841379310344826,10.973,5,10,1000,geometric,0.01,10.0
15,55,43,PathIntegralAnnealingSampler,lucas,True,5,213.2,153.7294979104635,1.386851599061189,11.538,5,10,1000,geometric,0.5,5.0
15,55,43,PathIntegralAnnealingSampler,exact,True,5,270.4,153.7294979104635,1.7589337353946786,10.98,5,10,1000,geometric,0.01,10.0
15,56,44,PathIntegralAnnealingSampler,lucas,True,5,214.8,150.0,1.4320000000000002,15.513,5,10,1000,geometric,0.5,5.0
15,56,44,PathIntegralAnnealingSampler,exact,True,5,279.0,150.0,1.86,10.901,5,10,1000,geometric,0.01,10.0
15,48,45,PathIntegralAnnealingSampler,lucas,True,5,181.4,116.86219157325144,1.552255674465039,11.615,5,10,1000,geometric,0.5,5.0
15,48,45,PathIntegralAnnealingSampler,exact,True,5,242.4,116.86219157325144,2.0742380126258295,10.908,5,10,1000,geometric,0.01,10.0
15,54,46,PathIntegralAnnealingSampler,lucas,True,5,209.4,140.0,1.4957142857142858,11.277,5,10,1000,geometric,0.5,5.0
15,54,46,PathIntegralAnnealingSampler,exact,True,5,258.2,140.0,1.8442857142857143,10.923,5,10,1000,geometric,0.01,10.0
15,48,47,PathIntegralAnnealingSampler,lucas,True,5,171.6,116.66655008145095,1.470858612688874,11.436,5,10,1000,geometric,0.5,5.0
15,48,47,PathIntegralAnnealingSampler,exact,True,5,241.4,116.66655008145095,2.0691449248432066,11.034,5,10,1000,geometric,0.01,10.0
15,56,48,PathIntegralAnnealingSampler,lucas,True,5,204.6,150.0,1.3639999999999999,11.213,5,10,1000,geometric,0.5,5.0
15,56,48,PathIntegralAnnealingSampler,exact,True,5,269.8,150.0,1.7986666666666666,10.909,5,10,1000,geometric,0.01,10.0
15,47,49,PathIntegralAnnealingSampler,lucas,True,5,158.6,108.00000000000006,1.4685185185185177,11.431,5,10,1000,geometric,0.5,5.0
15,47,49,PathIntegralAnnealingSampler,exact,True,5,221.0,108.00000000000006,2.0462962962962954,11.05,5,10,1000,geometric,0.01,10.0
15,53,50,PathIntegralAnnealingSampler,lucas,True,5,196.2,135.0,1.4533333333333331,11.557,5,10,1000,geometric,0.5,5.0
15,53,50,PathIntegralAnnealingSampler,exact,True,5,256.0,135.0,1.8962962962962964,10.987,5,10,1000,geometric,0.01,10.0
15,52,51,PathIntegralAnnealingSampler,lucas,True,5,187.2,130.0,1.44,11.296,5,10,1000,geometric,0.5,5.0
15,52,51,PathIntegralAnnealingSampler,exact,True,5,248.0,130.0,1.9076923076923078,10.968,5,10,1000,geometric,0.01,10.0
15,51,52,PathIntegralAnnealingSampler,lucas,True,5,194.8,130.30859168035425,1.4949129407970472,11.447,5,10,1000,geometric,0.5,5.0
15,51,52,PathIntegralAnnealingSampler,exact,True,5,242.4,130.30859168035425,1.86019967581727,10.944,5,10,1000,geometric,0.01,10.0
15,51,53,PathIntegralAnnealingSampler,lucas,True,5,190.0,125.0,1.52,11.455,5,10,1000,geometric,0.5,5.0
15,51,53,PathIntegralAnnealingSampler,exact,True,5,246.4,125.0,1.9712,10.944,5,10,1000,geometric,0.01,10.0
15,51,54,PathIntegralAnnealingSampler,lucas,True,5,187.8,125.0,1.5024000000000002,11.468,5,10,1000,geometric,0.5,5.0
15,51,54,PathIntegralAnnealingSampler,exact,True,5,249.6,125.0,1.9968,10.916,5,10,1000,geometric,0.01,10.0
15,61,55,PathIntegralAnnealingSampler,lucas,True,5,241.8,176.0,1.3738636363636365,11.147,5,10,1000,geometric,0.5,5.0
15,61,55,PathIntegralAnnealingSampler,exact,True,5,300.2,176.0,1.705681818181818,10.898,5,10,1000,geometric,0.01,10.0
15,52,56,PathIntegralAnnealingSampler,lucas,True,5,175.4,130.0,1.3492307692307692,11.409,5,10,1000,geometric,0.5,5.0
15,52,56,PathIntegralAnnealingSampler,exact,True,5,247.0,130.0,1.9,12.107,5,10,1000,geometric,0.01,10.0
15,50,57,PathIntegralAnnealingSampler,lucas,True,5,188.0,123.42284518898988,1.523218815059133,11.405,5,10,1000,geometric,0.5,5.0
15,50,57,PathIntegralAnnealingSampler,exact,True,5,243.0,123.42284518898988,1.9688413407413263,10.934,5,10,1000,geometric,0.01,10.0
15,61,58,PathIntegralAnnealingSampler,lucas,True,5,242.8,179.07195875278134,1.35587951173974,11.349,5,10,1000,geometric,0.5,5.0
15,61,58,PathIntegralAnnealingSampler,exact,True,5,294.6,179.07195875278134,1.6451486991702116,10.93,5,10,1000,geometric,0.01,10.0
15,57,59,PathIntegralAnnealingSampler,lucas,True,5,227.6,155.0,1.4683870967741934,11.326,5,10,1000,geometric,0.5,5.0
15,57,59,PathIntegralAnnealingSampler,exact,True,5,279.4,155.0,1.8025806451612902,10.92,5,10,1000,geometric,0.01,10.0
15,52,60,PathIntegralAnnealingSampler,lucas,True,5,191.2,130.0,1.4707692307692306,11.522,5,10,1000,geometric,0.5,5.0
15,52,60,PathIntegralAnnealingSampler,exact,True,5,237.6,130.0,1.8276923076923077,10.97,5,10,1000,geometric,0.01,10.0
15,42,61,PathIntegralAnnealingSampler,lucas,True,5,147.0,88.70431474215995,1.6571910896024644,11.427,5,10,1000,geometric,0.5,5.0
15,42,61,PathIntegralAnnealingSampler,exact,True,5,198.0,88.70431474215995,2.2321349370155645,10.975,5,10,1000,geometric,0.01,10.0
15,51,62,PathIntegralAnnealingSampler,lucas,True,5,195.2,125.0,1.5615999999999999,11.451,5,10,1000,geometric,0.5,5.0
15,51,62,PathIntegralAnnealingSampler,exact,True,5,252.8,125.0,2.0224,10.955,5,10,1000,geometric,0.01,10.0
15,56,63,PathIntegralAnnealingSampler,lucas,True,5,215.6,150.0,1.4373333333333334,11.36,5,10,1000,geometric,0.5,5.0
15,56,63,PathIntegralAnnealingSampler,exact,True,5,271.2,150.0,1.8079999999999998,10.92,5,10,1000,geometric,0.01,10.0
15,51,64,PathIntegralAnnealingSampler,lucas,True,5,188.8,125.0,1.5104000000000002,11.539,5,10,1000,geometric,0.5,5.0
15,51,64,PathIntegralAnnealingSampler,exact,True,5,241.4,125.0,1.9312,10.955,5,10,1000,geometric,0.01,10.0
15,56,65,PathIntegralAnnealingSampler,lucas,True,5,222.0,150.0,1.48,11.556,5,10,1000,geometric,0.5,5.0
15,56,65,PathIntegralAnnealingSampler,exact,True,5,272.0,150.0,1.8133333333333332,10.921,5,10,1000,geometric,0.01,10.0
15,49,66,PathIntegralAnnealingSampler,lucas,True,5,180.6,116.00000000000006,1.556896551724137,11.372,5,10,1000,geometric,0.5,5.0
15,49,66,PathIntegralAnnealingSampler,exact,True,5,248.0,116.00000000000006,2.1379310344827576,10.997,5,10,1000,geometric,0.01,10.0
15,57,67,PathIntegralAnnealingSampler,lucas,True,5,209.4,155.0,1.350967741935484,11.043,5,10,1000,geometric,0.5,5.0
15,57,67,PathIntegralAnnealingSampler,exact,True,5,287.8,155.0,1.8567741935483872,10.916,5,10,1000,geometric,0.01,10.0
15,56,68,PathIntegralAnnealingSampler,lucas,True,5,229.6,160.87286447558742,1.4272139726513167,11.268,5,10,1000,geometric,0.5,5.0
15,56,68,PathIntegralAnnealingSampler,exact,True,5,268.6,160.87286447558742,1.6696414331626468,10.906,5,10,1000,geometric,0.01,10.0
15,57,69,PathIntegralAnnealingSampler,lucas,True,5,219.2,155.0,1.4141935483870967,11.248,5,10,1000,geometric,0.5,5.0
15,57,69,PathIntegralAnnealingSampler,exact,True,5,278.8,155.0,1.798709677419355,10.894,5,10,1000,geometric,0.01,10.0
15,58,70,PathIntegralAnnealingSampler,lucas,True,5,228.2,160.0,1.42625,11.201,5,10,1000,geometric,0.5,5.0
15,58,70,PathIntegralAnnealingSampler,exact,True,5,281.6,160.0,1.7600000000000002,10.799,5,10,1000,geometric,0.01,10.0
15,53,71,PathIntegralAnnealingSampler,lucas,True,5,200.4,135.0,1.4844444444444445,11.37,5,10,1000,geometric,0.5,5.0
15,53,71,PathIntegralAnnealingSampler,exact,True,5,263.6,135.0,1.9525925925925927,10.998,5,10,1000,geometric,0.01,10.0
15,53,72,PathIntegralAnnealingSampler,lucas,True,5,197.8,135.0,1.4651851851851854,11.277,5,10,1000,geometric,0.5,5.0
15,53,72,PathIntegralAnnealingSampler,exact,True,5,260.2,135.0,1.9274074074074072,10.986,5,10,1000,geometric,0.01,10.0
15,56,73,PathIntegralAnnealingSampler,lucas,True,5,221.0,150.0,1.4733333333333334,11.626,5,10,1000,geometric,0.5,5.0
15,56,73,PathIntegralAnnealingSampler,exact,True,5,275.0,150.0,1.8333333333333333,10.943,5,10,1000,geometric,0.01,10.0
15,52,74,PathIntegralAnnealingSampler,lucas,True,5,188.4,130.0,1.4492307692307693,11.568,5,10,1000,geometric,0.5,5.0
15,52,74,PathIntegralAnnealingSampler,exact,True,5,266.0,130.0,2.046153846153846,11.399,5,10,1000,geometric,0.01,10.0
15,50,75,PathIntegralAnnealingSampler,lucas,True,5,184.8,121.89180592206328,1.5160986302734718,11.57,5,10,1000,geometric,0.5,5.0
15,50,75,PathIntegralAnnealingSampler,exact,True,5,239.8,121.89180592206328,1.9673184607120051,11.058,5,10,1000,geometric,0.01,10.0
15,51,76,PathIntegralAnnealingSampler,lucas,True,5,178.4,125.0,1.4272,11.526,5,10,1000,geometric,0.5,5.0
15,51,76,PathIntegralAnnealingSampler,exact,True,5,251.8,125.0,2.0144,10.949,5,10,1000,geometric,0.01,10.0
15,45,77,PathIntegralAnnealingSampler,lucas,True,5,156.2,100.69665652723057,1.5511935091684013,11.594,5,10,1000,geometric,0.5,5.0
15,45,77,PathIntegralAnnealingSampler,exact,True,5,213.2,100.69665652723057,2.117250039402709,11.033,5,10,1000,geometric,0.01,10.0
15,41,78,PathIntegralAnnealingSampler,lucas,True,5,132.4,84.00000000000006,1.5761904761904753,11.605,5,10,1000,geometric,0.5,5.0
15,41,78,PathIntegralAnnealingSampler,exact,True,5,194.4,84.00000000000006,2.3142857142857127,12.004,5,10,1000,geometric,0.01,10.0
15,54,79,PathIntegralAnnealingSampler,lucas,True,5,204.6,140.0,1.4614285714285713,11.302,5,10,1000,geometric,0.5,5.0
15,54,79,PathIntegralAnnealingSampler,exact,True,5,253.4,140.0,1.81,10.964,5,10,1000,geometric,0.01,10.0
15,47,80,PathIntegralAnnealingSampler,lucas,True,5,165.6,108.00000000000006,1.5333333333333325,11.373,5,10,1000,geometric,0.5,5.0
15,47,80,PathIntegralAnnealingSampler,exact,True,5,226.8,108.00000000000006,2.099999999999999,10.98,5,10,1000,geometric,0.01,10.0
15,63,81,PathIntegralAnnealingSampler,lucas,True,5,259.2,188.0,1.3787234042553191,11.168,5,10,1000,geometric,0.5,5.0
15,63,81,PathIntegralAnnealingSampler,exact,True,5,312.0,188.0,1.6595744680851063,10.853,5,10,1000,geometric,0.01,10.0
15,49,82,PathIntegralAnnealingSampler,lucas,True,5,186.4,130.11076143410978,1.4326255410809814,11.44,5,10,1000,geometric,0.5,5.0
15,49,82,PathIntegralAnnealingSampler,exact,True,5,235.8,130.11076143410978,1.8123020525048037,11.035,5,10,1000,geometric,0.01,10.0
15,53,83,PathIntegralAnnealingSampler,lucas,True,5,198.8,135.0,1.4725925925925927,11.472,5,10,1000,geometric,0.5,5.0
15,53,83,PathIntegralAnnealingSampler,exact,True,5,241.8,135.0,1.791111111111111,10.954,5,10,1000,geometric,0.01,10.0
15,49,84,PathIntegralAnnealingSampler,lucas,True,5,169.2,116.00000000000006,1.4586206896551717,11.251,5,10,1000,geometric,0.5,5.0
15,49,84,PathIntegralAnnealingSampler,exact,True,5,232.0,116.00000000000006,1.9999999999999991,11.006,5,10,1000,geometric,0.01,10.0
15,45,85,PathIntegralAnnealingSampler,lucas,True,5,156.0,100.00000000000006,1.5599999999999992,11.77,5,10,1000,geometric,0.5,5.0
15,45,85,PathIntegralAnnealingSampler,exact,True,5,219.8,100.00000000000006,2.197999999999999,11.267,5,10,1000,geometric,0.01,10.0
15,58,86,PathIntegralAnnealingSampler,lucas,True,5,228.2,160.0,1.42625,11.419,5,10,1000,geometric,0.5,5.0
15,58,86,PathIntegralAnnealingSampler,exact,True,5,281.4,160.0,1.7587499999999998,11.066,5,10,1000,geometric,0.01,10.0
15,56,87,PathIntegralAnnealingSampler,lucas,True,5,214.8,150.0,1.4320000000000002,11.528,5,10,1000,geometric,0.5,5.0
15,56,87,PathIntegralAnnealingSampler,exact,True,5,268.2,150.0,1.788,11.101,5,10,1000,geometric,0.01,10.0
15,49,88,PathIntegralAnnealingSampler,lucas,True,5,173.2,116.00000000000006,1.4931034482758612,11.619,5,10,1000,geometric,0.5,5.0
15,49,88,PathIntegralAnnealingSampler,exact,True,5,228.0,116.00000000000006,1.9655172413793094,11.093,5,10,1000,geometric,0.01,10.0
15,56,89,PathIntegralAnnealingSampler,lucas,True,1,222.0,150.0,1.48,11.348,5,10,1000,geometric,0.5,5.0
15,56,89,PathIntegralAnnealingSampler,exact,True,5,272.0,150.0,1.8133333333333332,10.997,5,10,1000,geometric,0.01,10.0
15,55,90,PathIntegralAnnealingSampler,lucas,True,5,208.0,145.0,1.4344827586206896,11.241,5,10,1000,geometric,0.5,5.0
15,55,90,PathIntegralAnnealingSampler,exact,True,5,266.0,145.0,1.8344827586206895,11.015,5,10,1000,geometric,0.01,10.0
15,58,91,PathIntegralAnnealingSampler,lucas,True,5,224.8,160.0,1.405,11.226,5,10,1000,geometric,0.5,5.0
15,58,91,PathIntegralAnnealingSampler,exact,True,5,286.0,160.0,1.7875,10.922,5,10,1000,geometric,0.01,10.0
15,58,92,PathIntegralAnnealingSampler,lucas,True,5,226.0,160.0,1.4125,11.332,5,10,1000,geometric,0.5,5.0
15,58,92,PathIntegralAnnealingSampler,exact,True,5,286.2,160.0,1.7887499999999998,10.952,5,10,1000,geometric,0.01,10.0
15,56,93,PathIntegralAnnealingSampler,lucas,True,5,222.4,150.0,1.4826666666666668,11.374,5,10,1000,geometric,0.5,5.0
15,56,93,PathIntegralAnnealingSampler,exact,True,5,280.6,150.0,1.870666666666667,10.997,5,10,1000,geometric,0.01,10.0
15,52,94,PathIntegralAnnealingSampler,lucas,True,5,196.8,130.0,1.5138461538461538,11.454,5,10,1000,geometric,0.5,5.0
15,52,94,PathIntegralAnnealingSampler,exact,True,5,258.6,130.0,1.9892307692307694,11.048,5,10,1000,geometric,0.01,10.0
15,50,95,PathIntegralAnnealingSampler,lucas,True,5,192.0,127.92768819134712,1.50084788300729,11.511,5,10,1000,geometric,0.5,5.0
15,50,95,PathIntegralAnnealingSampler,exact,True,5,236.8,127.92768819134712,1.8510457223756576,10.966,5,10,1000,geometric,0.01,10.0
15,57,96,PathIntegralAnnealingSampler,lucas,True,5,232.8,169.66144381116388,1.3721443998738478,11.34,5,10,1000,geometric,0.5,5.0
15,57,96,PathIntegralAnnealingSampler,exact,True,5,283.0,169.66144381116388,1.6680277713243081,10.927,5,10,1000,geometric,0.01,10.0
15,52,97,PathIntegralAnnealingSampler,lucas,True,5,192.0,130.0,1.476923076923077,11.557,5,10,1000,geometric,0.5,5.0
15,52,97,PathIntegralAnnealingSampler,exact,True,5,256.8,130.0,1.9753846153846155,10.935,5,10,1000,geometric,0.01,10.0
15,48,98,PathIntegralAnnealingSampler,lucas,True,5,167.2,112.00000000000006,1.492857142857142,11.468,5,10,1000,geometric,0.5,5.0
15,48,98,PathIntegralAnnealingSampler,exact,True,5,233.4,112.00000000000006,2.0839285714285705,10.958,5,10,1000,geometric,0.01,10.0
15,57,99,PathIntegralAnnealingSampler,lucas,True,5,213.4,155.0,1.376774193548387,11.299,5,10,1000,geometric,0.5,5.0
15,57,99,PathIntegralAnnealingSampler,exact,True,5,279.4,155.0,1.8025806451612902,10.999,5,10,1000,geometric,0.01,10.0
20,98,0,PathIntegralAnnealingSampler,lucas,False,0,,323.0000000000001,,24.085,5,10,1000,geometric,0.5,5.0
20,98,0,PathIntegralAnnealingSampler,exact,True,5,685.8,323.0000000000001,2.123219814241485,23.234,5,10,1000,geometric,0.01,10.0
20,87,1,PathIntegralAnnealingSampler,lucas,True,5,438.6,275.4245282778259,1.5924507622559163,24.38,5,10,1000,geometric,0.5,5.0
20,87,1,PathIntegralAnnealingSampler,exact,True,4,592.25,275.4245282778259,2.150316835262349,23.239,5,10,1000,geometric,0.01,10.0
20,96,2,PathIntegralAnnealingSampler,lucas,True,5,515.2,333.9656616440207,1.5426735714798125,23.572,5,10,1000,geometric,0.5,5.0
20,96,2,PathIntegralAnnealingSampler,exact,True,5,639.4,333.9656616440207,1.9145680931758384,22.999,5,10,1000,geometric,0.01,10.0
20,96,3,PathIntegralAnnealingSampler,lucas,True,5,486.6,359.17824201573745,1.3547591225714601,23.885,5,10,1000,geometric,0.5,5.0
20,96,3,PathIntegralAnnealingSampler,exact,True,5,634.8,359.17824201573745,1.7673676346246667,23.2,5,10,1000,geometric,0.01,10.0
20,78,4,PathIntegralAnnealingSampler,lucas,True,5,374.6,243.25096155253172,1.5399733575939125,24.027,5,10,1000,geometric,0.5,5.0
20,78,4,PathIntegralAnnealingSampler,exact,True,5,533.8,243.25096155253172,2.1944414796679936,23.187,5,10,1000,geometric,0.01,10.0
20,95,5,PathIntegralAnnealingSampler,lucas,True,3,492.0,305.0,1.6131147540983606,24.007,5,10,1000,geometric,0.5,5.0
20,95,5,PathIntegralAnnealingSampler,exact,True,5,667.2,305.0,2.1875409836065574,23.75,5,10,1000,geometric,0.01,10.0
20,99,6,PathIntegralAnnealingSampler,lucas,True,5,510.0,365.6524809773818,1.394766961889005,23.772,5,10,1000,geometric,0.5,5.0
20,99,6,PathIntegralAnnealingSampler,exact,True,5,665.6,365.6524809773818,1.8203076271241603,23.504,5,10,1000,geometric,0.01,10.0
20,92,7,PathIntegralAnnealingSampler,lucas,True,3,466.6666666666667,287.0,1.6260162601626016,24.08,5,10,1000,geometric,0.5,5.0
20,92,7,PathIntegralAnnealingSampler,exact,True,4,623.5,287.0,2.172473867595819,23.114,5,10,1000,geometric,0.01,10.0
20,93,8,PathIntegralAnnealingSampler,lucas,True,5,475.2,322.9065976011016,1.4716329846782257,24.126,5,10,1000,geometric,0.5,5.0
20,93,8,PathIntegralAnnealingSampler,exact,True,4,616.0,322.9065976011016,1.9076723875458481,23.102,5,10,1000,geometric,0.01,10.0
20,87,9,PathIntegralAnnealingSampler,lucas,True,4,419.25,257.0,1.6313229571984436,23.787,5,10,1000,geometric,0.5,5.0
20,87,9,PathIntegralAnnealingSampler,exact,True,5,562.2,257.0,2.187548638132296,23.087,5,10,1000,geometric,0.01,10.0
20,91,10,PathIntegralAnnealingSampler,lucas,True,5,454.6,316.5249506777438,1.4362216912967198,24.163,5,10,1000,geometric,0.5,5.0
20,91,10,PathIntegralAnnealingSampler,exact,True,5,611.4,316.5249506777438,1.9316012803757467,23.591,5,10,1000,geometric,0.01,10.0
20,101,11,PathIntegralAnnealingSampler,lucas,True,1,515.0,343.0,1.501457725947522,23.256,5,10,1000,geometric,0.5,5.0
20,101,11,PathIntegralAnnealingSampler,exact,True,5,668.8,343.0,1.9498542274052477,23.029,5,10,1000,geometric,0.01,10.0
20,94,12,PathIntegralAnnealingSampler,lucas,True,5,464.8,317.5725368772195,1.463602629404009,24.193,5,10,1000,geometric,0.5,5.0
20,94,12,PathIntegralAnnealingSampler,exact,True,4,630.5,317.5725368772195,1.9853731881222625,23.019,5,10,1000,geometric,0.01,10.0
20,93,13,PathIntegralAnnealingSampler,lucas,True,5,485.2,350.1195543807781,1.3858123430384384,24.02,5,10,1000,geometric,0.5,5.0
20,93,13,PathIntegralAnnealingSampler,exact,True,2,637.5,350.1195543807781,1.820806613122433,23.215,5,10,1000,geometric,0.01,10.0
20,102,14,PathIntegralAnnealingSampler,lucas,True,5,516.8,365.9228588054341,1.412319530097433,24.215,5,10,1000,geometric,0.5,5.0
20,102,14,PathIntegralAnnealingSampler,exact,True,5,676.8,365.9228588054341,1.84957015861057,23.152,5,10,1000,geometric,0.01,10.0
20,92,15,PathIntegralAnnealingSampler,lucas,True,3,473.6666666666667,287.0,1.6504065040650406,24.156,5,10,1000,geometric,0.5,5.0
20,92,15,PathIntegralAnnealingSampler,exact,True,4,615.5,287.0,2.1445993031358883,23.178,5,10,1000,geometric,0.01,10.0
20,93,16,PathIntegralAnnealingSampler,lucas,True,5,459.0,293.8456849316441,1.5620443774996218,24.288,5,10,1000,geometric,0.5,5.0
20,93,16,PathIntegralAnnealingSampler,exact,True,5,629.4,293.8456849316441,2.141940590845887,23.145,5,10,1000,geometric,0.01,10.0
20,96,17,PathIntegralAnnealingSampler,lucas,True,5,498.6,337.0587429842088,1.4792673691996752,24.626,5,10,1000,geometric,0.5,5.0
20,96,17,PathIntegralAnnealingSampler,exact,True,5,642.4,337.0587429842088,1.9058992338023892,23.001,5,10,1000,geometric,0.01,10.0
20,90,18,PathIntegralAnnealingSampler,lucas,False,0,,275.0,,24.065,5,10,1000,geometric,0.5,5.0
20,90,18,PathIntegralAnnealingSampler,exact,True,5,592.8,275.0,2.1556363636363636,23.203,5,10,1000,geometric,0.01,10.0
20,82,19,PathIntegralAnnealingSampler,lucas,True,5,388.4,243.77267244364427,1.5932876975362809,24.207,5,10,1000,geometric,0.5,5.0
20,82,19,PathIntegralAnnealingSampler,exact,True,4,552.25,243.77267244364427,2.2654303062935406,23.221,5,10,1000,geometric,0.01,10.0
20,100,20,PathIntegralAnnealingSampler,lucas,True,5,521.4,336.0,1.5517857142857143,24.503,5,10,1000,geometric,0.5,5.0
20,100,20,PathIntegralAnnealingSampler,exact,True,5,682.2,336.0,2.030357142857143,23.752,5,10,1000,geometric,0.01,10.0
20,93,21,PathIntegralAnnealingSampler,lucas,True,5,476.2,330.66121725720274,1.4401447014259032,24.03,5,10,1000,geometric,0.5,5.0
20,93,21,PathIntegralAnnealingSampler,exact,True,5,639.0,330.66121725720274,1.9324915250129195,23.25,5,10,1000,geometric,0.01,10.0
20,104,22,PathIntegralAnnealingSampler,lucas,True,4,560.75,364.0,1.540521978021978,23.573,5,10,1000,geometric,0.5,5.0
20,104,22,PathIntegralAnnealingSampler,exact,True,5,686.4,364.0,1.8857142857142857,23.217,5,10,1000,geometric,0.01,10.0
20,101,23,PathIntegralAnnealingSampler,lucas,True,5,527.0,345.5876163343076,1.5249389014281152,23.983,5,10,1000,geometric,0.5,5.0
20,101,23,PathIntegralAnnealingSampler,exact,True,5,677.4,345.5876163343076,1.960139680886917,24.185,5,10,1000,geometric,0.01,10.0
20,100,24,PathIntegralAnnealingSampler,lucas,True,1,533.0,342.1010680032468,1.5580191056139627,24.126,5,10,1000,geometric,0.5,5.0
20,100,24,PathIntegralAnnealingSampler,exact,True,4,655.25,342.1010680032468,1.915369641563882,23.09,5,10,1000,geometric,0.01,10.0
20,92,25,PathIntegralAnnealingSampler,lucas,True,5,467.2,324.37786396689694,1.4402955685276915,24.841,5,10,1000,geometric,0.5,5.0
20,92,25,PathIntegralAnnealingSampler,exact,True,5,618.2,324.37786396689694,1.9058020557872837,23.161,5,10,1000,geometric,0.01,10.0
20,91,26,PathIntegralAnnealingSampler,lucas,True,5,450.6,299.79507113921073,1.5030267118393104,24.352,5,10,1000,geometric,0.5,5.0
20,91,26,PathIntegralAnnealingSampler,exact,True,5,614.2,299.79507113921073,2.0487328149394237,23.129,5,10,1000,geometric,0.01,10.0
20,93,27,PathIntegralAnnealingSampler,lucas,True,5,483.2,323.60825737140215,1.4931633819387862,24.446,5,10,1000,geometric,0.5,5.0
20,93,27,PathIntegralAnnealingSampler,exact,True,4,627.0,323.60825737140215,1.9375278155538473,23.117,5,10,1000,geometric,0.01,10.0
20,92,28,PathIntegralAnnealingSampler,lucas,True,2,474.5,287.0,1.6533101045296168,24.1,5,10,1000,geometric,0.5,5.0
20,92,28,PathIntegralAnnealingSampler,exact,True,5,610.0,287.0,2.1254355400696863,23.424,5,10,1000,geometric,0.01,10.0
20,96,29,PathIntegralAnnealingSampler,lucas,True,4,502.75,311.0000000000001,1.616559485530546,24.242,5,10,1000,geometric,0.5,5.0
20,96,29,PathIntegralAnnealingSampler,exact,True,5,679.2,311.0000000000001,2.183922829581993,23.218,5,10,1000,geometric,0.01,10.0
20,100,30,PathIntegralAnnealingSampler,lucas,True,5,535.8,384.1668584608115,1.3947064620480696,24.026,5,10,1000,geometric,0.5,5.0
20,100,30,PathIntegralAnnealingSampler,exact,True,5,670.8,384.1668584608115,1.7461162649157245,23.528,5,10,1000,geometric,0.01,10.0
20,93,31,PathIntegralAnnealingSampler,lucas,True,5,476.6,293.0,1.6266211604095564,24.162,5,10,1000,geometric,0.5,5.0
20,93,31,PathIntegralAnnealingSampler,exact,True,5,630.4,293.0,2.1515358361774743,23.329,5,10,1000,geometric,0.01,10.0
20,106,32,PathIntegralAnnealingSampler,lucas,True,2,555.0,378.0,1.4682539682539681,24.156,5,10,1000,geometric,0.5,5.0
20,106,32,PathIntegralAnnealingSampler,exact,True,4,720.25,378.0,1.9054232804232805,23.176,5,10,1000,geometric,0.01,10.0
20,89,33,PathIntegralAnnealingSampler,lucas,True,5,452.0,280.61487965979774,1.6107485125093164,24.251,5,10,1000,geometric,0.5,5.0
20,89,33,PathIntegralAnnealingSampler,exact,True,4,605.0,280.61487965979774,2.155979756787912,24.963,5,10,1000,geometric,0.01,10.0
20,87,34,PathIntegralAnnealingSampler,lucas,True,5,420.8,283.3954513242101,1.4848509319177332,24.304,5,10,1000,geometric,0.5,5.0
20,87,34,PathIntegralAnnealingSampler,exact,True,4,597.5,283.3954513242101,2.1083612923499184,23.191,5,10,1000,geometric,0.01,10.0
20,100,35,PathIntegralAnnealingSampler,lucas,True,5,511.0,338.19066925829895,1.5109819591436302,24.324,5,10,1000,geometric,0.5,5.0
20,100,35,PathIntegralAnnealingSampler,exact,True,5,667.2,338.19066925829895,1.9728515912732487,23.3,5,10,1000,geometric,0.01,10.0
20,95,36,PathIntegralAnnealingSampler,lucas,True,5,494.6,341.4095797239293,1.4486998296882694,23.839,5,10,1000,geometric,0.5,5.0
20,95,36,PathIntegralAnnealingSampler,exact,True,5,626.0,341.4095797239293,1.8335747945508625,23.271,5,10,1000,geometric,0.01,10.0
20,105,37,PathIntegralAnnealingSampler,lucas,True,4,541.5,371.0,1.4595687331536389,23.747,5,10,1000,geometric,0.5,5.0
20,105,37,PathIntegralAnnealingSampler,exact,True,5,692.2,371.0,1.865768194070081,23.051,5,10,1000,geometric,0.01,10.0
20,98,38,PathIntegralAnnealingSampler,lucas,True,5,507.6,323.0000000000001,1.5715170278637767,23.592,5,10,1000,geometric,0.5,5.0
20,98,38,PathIntegralAnnealingSampler,exact,True,5,670.4,323.0000000000001,2.0755417956656337,22.868,5,10,1000,geometric,0.01,10.0
20,100,39,PathIntegralAnnealingSampler,lucas,True,4,547.5,351.9525850501816,1.5556072700018304,23.922,5,10,1000,geometric,0.5,5.0
20,100,39,PathIntegralAnnealingSampler,exact,True,4,701.0,351.9525850501816,1.991745563965814,23.307,5,10,1000,geometric,0.01,10.0
20,105,40,PathIntegralAnnealingSampler,lucas,True,5,577.6,436.7282269187026,1.3225616399361355,24.106,5,10,1000,geometric,0.5,5.0
20,105,40,PathIntegralAnnealingSampler,exact,True,5,695.8,436.7282269187026,1.59321050738844,23.316,5,10,1000,geometric,0.01,10.0
20,87,41,PathIntegralAnnealingSampler,lucas,True,5,434.4,257.0,1.690272373540856,25.625,5,10,1000,geometric,0.5,5.0
20,87,41,PathIntegralAnnealingSampler,exact,True,4,583.25,257.0,2.269455252918288,23.917,5,10,1000,geometric,0.01,10.0
20,87,42,PathIntegralAnnealingSampler,lucas,True,5,429.0,295.30587627630115,1.4527309967872388,24.641,5,10,1000,geometric,0.5,5.0
20,87,42,PathIntegralAnnealingSampler,exact,True,5,607.4,295.30587627630115,2.056850367012981,23.257,5,10,1000,geometric,0.01,10.0
20,84,43,PathIntegralAnnealingSampler,lucas,True,5,421.0,284.54865962441556,1.479536050374269,24.35,5,10,1000,geometric,0.5,5.0
20,84,43,PathIntegralAnnealingSampler,exact,True,4,566.25,284.54865962441556,1.9899935594404508,24.118,5,10,1000,geometric,0.01,10.0
20,95,44,PathIntegralAnnealingSampler,lucas,False,0,,305.0,,23.834,5,10,1000,geometric,0.5,5.0
20,95,44,PathIntegralAnnealingSampler,exact,True,5,648.0,305.0,2.124590163934426,23.341,5,10,1000,geometric,0.01,10.0
20,92,45,PathIntegralAnnealingSampler,lucas,True,5,478.2,342.7763964352029,1.3950785555049063,23.879,5,10,1000,geometric,0.5,5.0
20,92,45,PathIntegralAnnealingSampler,exact,True,5,605.2,342.7763964352029,1.7655824796979702,24.277,5,10,1000,geometric,0.01,10.0
20,96,46,PathIntegralAnnealingSampler,lucas,True,5,498.8,362.16409446495635,1.3772762336832505,24.309,5,10,1000,geometric,0.5,5.0
20,96,46,PathIntegralAnnealingSampler,exact,True,5,637.6,362.16409446495635,1.7605279202013642,23.076,5,10,1000,geometric,0.01,10.0
20,94,47,PathIntegralAnnealingSampler,lucas,True,5,443.6,299.0,1.4836120401337793,24.027,5,10,1000,geometric,0.5,5.0
20,94,47,PathIntegralAnnealingSampler,exact,True,5,631.0,299.0,2.1103678929765888,23.346,5,10,1000,geometric,0.01,10.0
20,92,48,PathIntegralAnnealingSampler,lucas,True,3,462.3333333333333,287.0,1.610917537746806,23.905,5,10,1000,geometric,0.5,5.0
20,92,48,PathIntegralAnnealingSampler,exact,True,5,608.4,287.0,2.1198606271777,23.41,5,10,1000,geometric,0.01,10.0
20,104,49,PathIntegralAnnealingSampler,lucas,True,5,543.0,368.26240196423987,1.4744920934196482,23.754,5,10,1000,geometric,0.5,5.0
20,104,49,PathIntegralAnnealingSampler,exact,True,3,705.3333333333334,368.26240196423987,1.915300963582551,24.498,5,10,1000,geometric,0.01,10.0
20,98,50,PathIntegralAnnealingSampler,lucas,True,3,500.3333333333333,323.0000000000001,1.5490196078431366,24.002,5,10,1000,geometric,0.5,5.0
20,98,50,PathIntegralAnnealingSampler,exact,True,5,651.2,323.0000000000001,2.01609907120743,23.132,5,10,1000,geometric,0.01,10.0
20,106,51,PathIntegralAnnealingSampler,lucas,False,0,,378.0,,23.646,5,10,1000,geometric,0.5,5.0
20,106,51,PathIntegralAnnealingSampler,exact,True,5,708.0,378.0,1.873015873015873,23.09,5,10,1000,geometric,0.01,10.0
20,93,52,PathIntegralAnnealingSampler,lucas,False,0,,293.0,,24.259,5,10,1000,geometric,0.5,5.0
20,93,52,PathIntegralAnnealingSampler,exact,True,5,632.4,293.0,2.1583617747440274,23.405,5,10,1000,geometric,0.01,10.0
20,97,53,PathIntegralAnnealingSampler,lucas,True,5,509.4,356.43829350039897,1.4291393750021693,24.973,5,10,1000,geometric,0.5,5.0
20,97,53,PathIntegralAnnealingSampler,exact,True,4,653.25,356.43829350039897,1.8327155412645606,23.616,5,10,1000,geometric,0.01,10.0
20,88,54,PathIntegralAnnealingSampler,lucas,True,5,437.4,284.88857081473105,1.535337127597338,25.44,5,10,1000,geometric,0.5,5.0
20,88,54,PathIntegralAnnealingSampler,exact,True,5,620.6,284.88857081473105,2.1783955678713034,24.972,5,10,1000,geometric,0.01,10.0
20,109,55,PathIntegralAnnealingSampler,lucas,True,5,573.0,399.0,1.4360902255639099,23.558,5,10,1000,geometric,0.5,5.0
20,109,55,PathIntegralAnnealingSampler,exact,True,4,740.25,399.0,1.855263157894737,24.721,5,10,1000,geometric,0.01,10.0
20,88,56,PathIntegralAnnealingSampler,lucas,False,0,,263.0,,24.792,5,10,1000,geometric,0.5,5.0
20,88,56,PathIntegralAnnealingSampler,exact,True,5,574.6,263.0,2.184790874524715,23.256,5,10,1000,geometric,0.01,10.0
20,100,57,PathIntegralAnnealingSampler,lucas,True,5,528.4,373.20936930932703,1.4158272633344484,23.538,5,10,1000,geometric,0.5,5.0
20,100,57,PathIntegralAnnealingSampler,exact,True,4,668.0,373.20936930932703,1.7898800376748896,23.413,5,10,1000,geometric,0.01,10.0
20,106,58,PathIntegralAnnealingSampler,lucas,True,5,567.0,378.0,1.5,23.634,5,10,1000,geometric,0.5,5.0
20,106,58,PathIntegralAnnealingSampler,exact,True,5,734.6,378.0,1.9433862433862434,23.135,5,10,1000,geometric,0.01,10.0
20,98,59,PathIntegralAnnealingSampler,lucas,True,5,506.4,346.7532616453086,1.4604044316618219,23.756,5,10,1000,geometric,0.5,5.0
20,98,59,PathIntegralAnnealingSampler,exact,True,4,676.75,346.7532616453086,1.9516759461436375,24.612,5,10,1000,geometric,0.01,10.0
20,103,60,PathIntegralAnnealingSampler,lucas,True,5,535.6,384.1550781764568,1.3942286082548645,23.572,5,10,1000,geometric,0.5,5.0
20,103,60,PathIntegralAnnealingSampler,exact,True,5,681.2,384.1550781764568,1.7732422104989052,23.287,5,10,1000,geometric,0.01,10.0
20,96,61,PathIntegralAnnealingSampler,lucas,True,3,502.0,311.0000000000001,1.614147909967845,23.951,5,10,1000,geometric,0.5,5.0
20,96,61,PathIntegralAnnealingSampler,exact,True,5,660.2,311.0000000000001,2.1228295819935683,23.223,5,10,1000,geometric,0.01,10.0
20,92,62,PathIntegralAnnealingSampler,lucas,False,0,,287.0,,24.398,5,10,1000,geometric,0.5,5.0
20,92,62,PathIntegralAnnealingSampler,exact,True,5,603.8,287.0,2.1038327526132403,23.452,5,10,1000,geometric,0.01,10.0
20,77,63,PathIntegralAnnealingSampler,lucas,True,5,343.0,205.00000000000023,1.6731707317073152,24.849,5,10,1000,geometric,0.5,5.0
20,77,63,PathIntegralAnnealingSampler,exact,True,4,504.25,205.00000000000023,2.4597560975609727,23.446,5,10,1000,geometric,0.01,10.0
20,83,64,PathIntegralAnnealingSampler,lucas,True,5,397.8,265.3978226176862,1.498881927803316,24.208,5,10,1000,geometric,0.5,5.0
20,83,64,PathIntegralAnnealingSampler,exact,True,5,551.2,265.3978226176862,2.076882148328778,23.25,5,10,1000,geometric,0.01,10.0
20,97,65,PathIntegralAnnealingSampler,lucas,True,4,516.0,334.96417338598343,1.5404632524846373,23.577,5,10,1000,geometric,0.5,5.0
20,97,65,PathIntegralAnnealingSampler,exact,True,5,638.0,334.96417338598343,1.9046813083046483,23.24,5,10,1000,geometric,0.01,10.0
20,93,66,PathIntegralAnnealingSampler,lucas,True,5,472.2,313.81795325615843,1.5046940275420122,27.594,5,10,1000,geometric,0.5,5.0
20,93,66,PathIntegralAnnealingSampler,exact,True,5,634.8,313.81795325615843,2.02282881974517,23.302,5,10,1000,geometric,0.01,10.0
20,103,67,PathIntegralAnnealingSampler,lucas,True,5,534.8,377.08644520181406,1.4182424396447841,24.045,5,10,1000,geometric,0.5,5.0
20,103,67,PathIntegralAnnealingSampler,exact,True,5,706.2,377.08644520181406,1.8727801250507603,23.64,5,10,1000,geometric,0.01,10.0
20,95,68,PathIntegralAnnealingSampler,lucas,True,5,499.8,328.4225353709312,1.5218200524379653,24.288,5,10,1000,geometric,0.5,5.0
20,95,68,PathIntegralAnnealingSampler,exact,True,5,646.0,328.4225353709312,1.9669782990694789,23.148,5,10,1000,geometric,0.01,10.0
20,89,69,PathIntegralAnnealingSampler,lucas,True,3,439.0,269.0,1.6319702602230484,23.882,5,10,1000,geometric,0.5,5.0
20,89,69,PathIntegralAnnealingSampler,exact,True,5,622.0,269.0,2.312267657992565,24.039,5,10,1000,geometric,0.01,10.0
20,96,70,PathIntegralAnnealingSampler,lucas,True,2,484.5,311.0000000000001,1.5578778135048226,23.728,5,10,1000,geometric,0.5,5.0
20,96,70,PathIntegralAnnealingSampler,exact,True,4,630.75,311.0000000000001,2.0281350482315106,23.567,5,10,1000,geometric,0.01,10.0
20,103,71,PathIntegralAnnealingSampler,lucas,True,5,551.0,395.0013148591527,1.3949320654703956,23.69,5,10,1000,geometric,0.5,5.0
20,103,71,PathIntegralAnnealingSampler,exact,True,5,687.6,395.0013148591527,1.7407536991242178,23.168,5,10,1000,geometric,0.01,10.0
20,103,72,PathIntegralAnnealingSampler,lucas,True,4,562.5,357.0,1.5756302521008403,23.842,5,10,1000,geometric,0.5,5.0
20,103,72,PathIntegralAnnealingSampler,exact,True,5,696.4,357.0,1.9507002801120448,23.046,5,10,1000,geometric,0.01,10.0
20,94,73,PathIntegralAnnealingSampler,lucas,True,5,467.6,299.0,1.5638795986622074,23.815,5,10,1000,geometric,0.5,5.0
20,94,73,PathIntegralAnnealingSampler,exact,True,5,632.4,299.0,2.11505016722408,24.221,5,10,1000,geometric,0.01,10.0
20,93,74,PathIntegralAnnealingSampler,lucas,True,5,461.4,293.0,1.5747440273037543,24.222,5,10,1000,geometric,0.5,5.0
20,93,74,PathIntegralAnnealingSampler,exact,True,5,626.4,293.0,2.1378839590443683,23.079,5,10,1000,geometric,0.01,10.0
20,95,75,PathIntegralAnnealingSampler,lucas,True,5,503.2,392.1446111735227,1.2832000891052298,24.013,5,10,1000,geometric,0.5,5.0
20,95,75,PathIntegralAnnealingSampler,exact,True,5,651.8,392.1446111735227,1.6621419278195322,23.558,5,10,1000,geometric,0.01,10.0
20,88,76,PathIntegralAnnealingSampler,lucas,True,5,458.0,355.7717035467524,1.287342403665371,24.899,5,10,1000,geometric,0.5,5.0
20,88,76,PathIntegralAnnealingSampler,exact,True,5,595.2,355.7717035467524,1.6729829665101066,23.815,5,10,1000,geometric,0.01,10.0
20,100,77,PathIntegralAnnealingSampler,lucas,True,3,533.6666666666666,336.0,1.5882936507936507,23.83,5,10,1000,geometric,0.5,5.0
20,100,77,PathIntegralAnnealingSampler,exact,True,5,662.2,336.0,1.9708333333333334,23.188,5,10,1000,geometric,0.01,10.0
20,83,78,PathIntegralAnnealingSampler,lucas,True,5,393.2,261.10304302739354,1.5059188718790517,24.106,5,10,1000,geometric,0.5,5.0
20,83,78,PathIntegralAnnealingSampler,exact,True,5,562.6,261.10304302739354,2.15470487619317,24.75,5,10,1000,geometric,0.01,10.0
20,89,79,PathIntegralAnnealingSampler,lucas,True,5,432.2,269.0,1.6066914498141263,23.959,5,10,1000,geometric,0.5,5.0
20,89,79,PathIntegralAnnealingSampler,exact,True,4,605.25,269.0,2.25,23.366,5,10,1000,geometric,0.01,10.0
20,83,80,PathIntegralAnnealingSampler,lucas,True,5,394.8,277.74107853140174,1.4214678004692902,23.916,5,10,1000,geometric,0.5,5.0
20,83,80,PathIntegralAnnealingSampler,exact,True,4,562.5,277.74107853140174,2.0252675728570813,23.367,5,10,1000,geometric,0.01,10.0
20,101,81,PathIntegralAnnealingSampler,lucas,True,5,542.4,406.25399842154883,1.3351253208766685,24.097,5,10,1000,geometric,0.5,5.0
20,101,81,PathIntegralAnnealingSampler,exact,True,5,673.0,406.25399842154883,1.6565990799225627,23.185,5,10,1000,geometric,0.01,10.0
20,88,82,PathIntegralAnnealingSampler,lucas,False,0,,263.0,,23.798,5,10,1000,geometric,0.5,5.0
20,88,82,PathIntegralAnnealingSampler,exact,True,5,599.6,263.0,2.2798479087452472,23.849,5,10,1000,geometric,0.01,10.0
20,106,83,PathIntegralAnnealingSampler,lucas,True,4,552.25,413.7080529956517,1.3348785357238488,23.535,5,10,1000,geometric,0.5,5.0
20,106,83,PathIntegralAnnealingSampler,exact,True,5,739.4,413.7080529956517,1.787250682325421,22.947,5,10,1000,geometric,0.01,10.0
20,84,84,PathIntegralAnnealingSampler,lucas,True,5,410.8,268.6888211123132,1.5289061833662358,24.101,5,10,1000,geometric,0.5,5.0
20,84,84,PathIntegralAnnealingSampler,exact,True,5,544.6,268.6888211123132,2.0268800084256378,23.109,5,10,1000,geometric,0.01,10.0
20,93,85,PathIntegralAnnealingSampler,lucas,True,1,469.0,293.0,1.6006825938566553,23.91,5,10,1000,geometric,0.5,5.0
20,93,85,PathIntegralAnnealingSampler,exact,True,5,608.6,293.0,2.077133105802048,23.953,5,10,1000,geometric,0.01,10.0
20,94,86,PathIntegralAnnealingSampler,lucas,True,5,498.8,377.5222807554005,1.3212465208727011,24.719,5,10,1000,geometric,0.5,5.0
20,94,86,PathIntegralAnnealingSampler,exact,True,5,629.8,377.5222807554005,1.6682459078701426,23.297,5,10,1000,geometric,0.01,10.0
20,83,87,PathIntegralAnnealingSampler,lucas,True,5,406.2,264.3848305786194,1.5363967709910247,24.386,5,10,1000,geometric,0.5,5.0
20,83,87,PathIntegralAnnealingSampler,exact,True,5,560.2,264.3848305786194,2.1188810219329692,23.427,5,10,1000,geometric,0.01,10.0
20,95,88,PathIntegralAnnealingSampler,lucas,True,5,462.2,318.8236927822353,1.4497040541955404,24.409,5,10,1000,geometric,0.5,5.0
20,95,88,PathIntegralAnnealingSampler,exact,True,5,634.6,318.8236927822353,1.9904417844926223,23.065,5,10,1000,geometric,0.01,10.0
20,95,89,PathIntegralAnnealingSampler,lucas,True,2,488.0,305.0,1.6,23.54,5,10,1000,geometric,0.5,5.0
20,95,89,PathIntegralAnnealingSampler,exact,True,5,637.0,305.0,2.088524590163934,24.716,5,10,1000,geometric,0.01,10.0
20,99,90,PathIntegralAnnealingSampler,lucas,True,5,516.6,343.76592641308866,1.502766738374251,24.459,5,10,1000,geometric,0.5,5.0
20,99,90,PathIntegralAnnealingSampler,exact,True,4,672.75,343.76592641308866,1.9570002385622867,23.172,5,10,1000,geometric,0.01,10.0
20,96,91,PathIntegralAnnealingSampler,lucas,True,3,490.0,311.0000000000001,1.5755627009646296,23.887,5,10,1000,geometric,0.5,5.0
20,96,91,PathIntegralAnnealingSampler,exact,True,4,668.75,311.0000000000001,2.150321543408359,23.371,5,10,1000,geometric,0.01,10.0
20,87,92,PathIntegralAnnealingSampler,lucas,True,5,443.0,281.6394527985154,1.5729330376057853,24.542,5,10,1000,geometric,0.5,5.0
20,87,92,PathIntegralAnnealingSampler,exact,True,5,589.6,281.6394527985154,2.093456701969235,23.299,5,10,1000,geometric,0.01,10.0
20,97,93,PathIntegralAnnealingSampler,lucas,True,4,507.75,317.0000000000001,1.60173501577287,23.822,5,10,1000,geometric,0.5,5.0
20,97,93,PathIntegralAnnealingSampler,exact,True,4,662.25,317.0000000000001,2.0891167192429014,23.113,5,10,1000,geometric,0.01,10.0
20,94,94,PathIntegralAnnealingSampler,lucas,True,3,487.3333333333333,299.0,1.6298773690078037,24.232,5,10,1000,geometric,0.5,5.0
20,94,94,PathIntegralAnnealingSampler,exact,True,5,649.2,299.0,2.17123745819398,24.301,5,10,1000,geometric,0.01,10.0
20,89,95,PathIntegralAnnealingSampler,lucas,True,5,451.4,277.3345840080978,1.6276368907053427,24.225,5,10,1000,geometric,0.5,5.0
20,89,95,PathIntegralAnnealingSampler,exact,True,5,586.0,277.3345840080978,2.1129712404814596,23.222,5,10,1000,geometric,0.01,10.0
20,85,96,PathIntegralAnnealingSampler,lucas,True,1,405.0,245.00000000000023,1.6530612244897944,23.718,5,10,1000,geometric,0.5,5.0
20,85,96,PathIntegralAnnealingSampler,exact,True,5,550.4,245.00000000000023,2.2465306122448956,24.042,5,10,1000,geometric,0.01,10.0
20,94,97,PathIntegralAnnealingSampler,lucas,True,2,464.5,299.0,1.5535117056856187,23.994,5,10,1000,geometric,0.5,5.0
20,94,97,PathIntegralAnnealingSampler,exact,True,4,639.0,299.0,2.137123745819398,23.18,5,10,1000,geometric,0.01,10.0
20,110,98,PathIntegralAnnealingSampler,lucas,True,5,598.4,446.2368596610347,1.3409918679836301,23.387,5,10,1000,geometric,0.5,5.0
20,110,98,PathIntegralAnnealingSampler,exact,True,5,748.0,446.2368596610347,1.6762398349795378,22.979,5,10,1000,geometric,0.01,10.0
20,75,99,PathIntegralAnnealingSampler,lucas,True,4,367.75,211.34692555550714,1.7400300431785363,24.23,5,10,1000,geometric,0.5,5.0
20,75,99,PathIntegralAnnealingSampler,exact,True,5,507.2,211.34692555550714,2.399845650306332,24.252,5,10,1000,geometric,0.01,10.0
25,151,0,PathIntegralAnnealingSampler,lucas,False,0,,592.0,,44.41,5,10,1000,geometric,0.5,5.0
25,151,0,PathIntegralAnnealingSampler,exact,True,3,1243.6666666666667,592.0,2.1007882882882885,43.782,5,10,1000,geometric,0.01,10.0
25,145,1,PathIntegralAnnealingSampler,lucas,False,0,,609.8111292774846,,43.6,5,10,1000,geometric,0.5,5.0
25,145,1,PathIntegralAnnealingSampler,exact,False,0,,609.8111292774846,,44.624,5,10,1000,geometric,0.01,10.0
25,142,2,PathIntegralAnnealingSampler,lucas,True,5,927.6,701.5688950163258,1.3221794845656811,43.645,5,10,1000,geometric,0.5,5.0
25,142,2,PathIntegralAnnealingSampler,exact,True,2,1161.5,701.5688950163258,1.6555751092313913,43.251,5,10,1000,geometric,0.01,10.0
25,146,3,PathIntegralAnnealingSampler,lucas,False,0,,563.6333291687371,,43.48,5,10,1000,geometric,0.5,5.0
25,146,3,PathIntegralAnnealingSampler,exact,True,1,1292.0,563.6333291687371,2.2922704054876943,43.885,5,10,1000,geometric,0.01,10.0
25,150,4,PathIntegralAnnealingSampler,lucas,False,0,,711.048229585088,,43.413,5,10,1000,geometric,0.5,5.0
25,150,4,PathIntegralAnnealingSampler,exact,True,1,1339.0,711.048229585088,1.883135270277426,43.672,5,10,1000,geometric,0.01,10.0
25,140,5,PathIntegralAnnealingSampler,lucas,True,4,900.0,553.4435756161688,1.6261820349039147,43.074,5,10,1000,geometric,0.5,5.0
25,140,5,PathIntegralAnnealingSampler,exact,True,1,1193.0,553.4435756161688,2.1555946307115224,43.695,5,10,1000,geometric,0.01,10.0
25,142,6,PathIntegralAnnealingSampler,lucas,True,5,903.8,668.6599275677748,1.3516586873802028,44.208,5,10,1000,geometric,0.5,5.0
25,142,6,PathIntegralAnnealingSampler,exact,False,0,,668.6599275677748,,43.536,5,10,1000,geometric,0.01,10.0
25,154,7,PathIntegralAnnealingSampler,lucas,True,3,1057.0,807.2195211951461,1.309433149529184,43.731,5,10,1000,geometric,0.5,5.0
25,154,7,PathIntegralAnnealingSampler,exact,True,4,1324.75,807.2195211951461,1.6411273082675368,43.438,5,10,1000,geometric,0.01,10.0
25,150,8,PathIntegralAnnealingSampler,lucas,True,5,1007.2,717.1738115659674,1.404401532455226,43.045,5,10,1000,geometric,0.5,5.0
25,150,8,PathIntegralAnnealingSampler,exact,True,1,1240.0,717.1738115659674,1.729009035191104,43.321,5,10,1000,geometric,0.01,10.0
25,151,9,PathIntegralAnnealingSampler,lucas,True,5,979.0,699.8250868900317,1.3989209851715947,43.706,5,10,1000,geometric,0.5,5.0
25,151,9,PathIntegralAnnealingSampler,exact,True,1,1200.0,699.8250868900317,1.7147141799856116,43.303,5,10,1000,geometric,0.01,10.0
25,145,10,PathIntegralAnnealingSampler,lucas,True,1,906.0,565.4669722776791,1.6022155924521408,43.327,5,10,1000,geometric,0.5,5.0
25,145,10,PathIntegralAnnealingSampler,exact,True,1,1253.0,565.4669722776791,2.2158677012610735,44.988,5,10,1000,geometric,0.01,10.0
25,154,11,PathIntegralAnnealingSampler,lucas,True,1,995.0,616.0,1.6152597402597402,44.023,5,10,1000,geometric,0.5,5.0
25,154,11,PathIntegralAnnealingSampler,exact,True,1,1335.0,616.0,2.167207792207792,43.472,5,10,1000,geometric,0.01,10.0
25,133,12,PathIntegralAnnealingSampler,lucas,True,2,858.5,586.4258923744279,1.4639530947788626,43.143,5,10,1000,geometric,0.5,5.0
25,133,12,PathIntegralAnnealingSampler,exact,True,2,1106.5,586.4258923744279,1.8868539305449175,46.184,5,10,1000,geometric,0.01,10.0
25,153,13,PathIntegralAnnealingSampler,lucas,False,0,,696.2501417799416,,43.913,5,10,1000,geometric,0.5,5.0
25,153,13,PathIntegralAnnealingSampler,exact,True,1,1310.0,696.2501417799416,1.8815076958562997,43.678,5,10,1000,geometric,0.01,10.0
25,168,14,PathIntegralAnnealingSampler,lucas,True,5,1137.2,797.788939118228,1.4254396673597818,42.92,5,10,1000,geometric,0.5,5.0
25,168,14,PathIntegralAnnealingSampler,exact,True,1,1451.0,797.788939118228,1.8187767827462569,43.132,5,10,1000,geometric,0.01,10.0
25,152,15,PathIntegralAnnealingSampler,lucas,True,5,981.6,738.0806632367788,1.3299359391090013,43.58,5,10,1000,geometric,0.5,5.0
25,152,15,PathIntegralAnnealingSampler,exact,True,1,1230.0,738.0806632367788,1.6664845202771716,43.172,5,10,1000,geometric,0.01,10.0
25,141,16,PathIntegralAnnealingSampler,lucas,False,0,,554.838045185386,,43.941,5,10,1000,geometric,0.5,5.0
25,141,16,PathIntegralAnnealingSampler,exact,True,1,1205.0,554.838045185386,2.1718049266022805,43.818,5,10,1000,geometric,0.01,10.0
25,155,17,PathIntegralAnnealingSampler,lucas,True,5,1030.4,739.5567126889756,1.3932670508168858,43.229,5,10,1000,geometric,0.5,5.0
25,155,17,PathIntegralAnnealingSampler,exact,True,1,1278.0,739.5567126889756,1.7280622000620924,43.302,5,10,1000,geometric,0.01,10.0
25,145,18,PathIntegralAnnealingSampler,lucas,True,1,963.0,703.3126483442484,1.3692345818991203,43.267,5,10,1000,geometric,0.5,5.0
25,145,18,PathIntegralAnnealingSampler,exact,True,1,1254.0,703.3126483442484,1.782990826273621,43.826,5,10,1000,geometric,0.01,10.0
25,156,19,PathIntegralAnnealingSampler,lucas,True,3,1045.0,759.923769448823,1.3751379309505536,43.288,5,10,1000,geometric,0.5,5.0
25,156,19,PathIntegralAnnealingSampler,exact,True,1,1343.0,759.923769448823,1.7672825275278408,43.567,5,10,1000,geometric,0.01,10.0
25,160,20,PathIntegralAnnealingSampler,lucas,True,5,1065.6,770.7523579280778,1.382545235235512,42.913,5,10,1000,geometric,0.5,5.0
25,160,20,PathIntegralAnnealingSampler,exact,True,1,1303.0,770.7523579280778,1.6905559698872676,43.62,5,10,1000,geometric,0.01,10.0
25,140,21,PathIntegralAnnealingSampler,lucas,True,1,891.0,553.3498378436965,1.6101929359409677,43.756,5,10,1000,geometric,0.5,5.0
25,140,21,PathIntegralAnnealingSampler,exact,True,1,1252.0,553.3498378436965,2.26258311537384,43.753,5,10,1000,geometric,0.01,10.0
25,153,22,PathIntegralAnnealingSampler,lucas,False,0,,679.4623408298115,,42.95,5,10,1000,geometric,0.5,5.0
25,153,22,PathIntegralAnnealingSampler,exact,False,0,,679.4623408298115,,43.321,5,10,1000,geometric,0.01,10.0
25,155,23,PathIntegralAnnealingSampler,lucas,False,0,,632.9097909112214,,42.771,5,10,1000,geometric,0.5,5.0
25,155,23,PathIntegralAnnealingSampler,exact,False,0,,632.9097909112214,,42.865,5,10,1000,geometric,0.01,10.0
25,157,24,PathIntegralAnnealingSampler,lucas,True,4,1041.75,725.4401110633015,1.4360248132310642,42.498,5,10,1000,geometric,0.5,5.0
25,157,24,PathIntegralAnnealingSampler,exact,True,1,1332.0,725.4401110633015,1.8361267590341037,43.962,5,10,1000,geometric,0.01,10.0
25,159,25,PathIntegralAnnealingSampler,lucas,True,5,1045.8,695.9884759360484,1.5026110864745041,43.437,5,10,1000,geometric,0.5,5.0
25,159,25,PathIntegralAnnealingSampler,exact,True,1,1217.0,695.9884759360484,1.7485921708160945,43.587,5,10,1000,geometric,0.01,10.0
25,144,26,PathIntegralAnnealingSampler,lucas,True,4,932.75,699.2172077945055,1.3339917690843328,43.77,5,10,1000,geometric,0.5,5.0
25,144,26,PathIntegralAnnealingSampler,exact,True,2,1227.5,699.2172077945055,1.7555345982857342,43.397,5,10,1000,geometric,0.01,10.0
25,132,27,PathIntegralAnnealingSampler,lucas,True,1,812.0,526.8833231193452,1.5411381692490438,43.967,5,10,1000,geometric,0.5,5.0
25,132,27,PathIntegralAnnealingSampler,exact,False,0,,526.8833231193452,,43.567,5,10,1000,geometric,0.01,10.0
25,151,28,PathIntegralAnnealingSampler,lucas,False,0,,592.0,,42.236,5,10,1000,geometric,0.5,5.0
25,151,28,PathIntegralAnnealingSampler,exact,False,0,,592.0,,43.802,5,10,1000,geometric,0.01,10.0
25,143,29,PathIntegralAnnealingSampler,lucas,True,2,927.0,611.0135911928622,1.5171511949353658,43.746,5,10,1000,geometric,0.5,5.0
25,143,29,PathIntegralAnnealingSampler,exact,True,3,1231.3333333333333,611.0135911928622,2.015230677486962,44.147,5,10,1000,geometric,0.01,10.0
25,153,30,PathIntegralAnnealingSampler,lucas,True,5,1003.8,705.9970271819006,1.4218190181435002,42.867,5,10,1000,geometric,0.5,5.0
25,153,30,PathIntegralAnnealingSampler,exact,True,1,1322.0,705.9970271819006,1.8725291312868173,43.624,5,10,1000,geometric,0.01,10.0
25,161,31,PathIntegralAnnealingSampler,lucas,True,5,1082.8,795.8987617230354,1.360474537811636,43.824,5,10,1000,geometric,0.5,5.0
25,161,31,PathIntegralAnnealingSampler,exact,False,0,,795.8987617230354,,43.803,5,10,1000,geometric,0.01,10.0
25,159,32,PathIntegralAnnealingSampler,lucas,True,2,1095.5,685.6920837099187,1.597655895446286,43.225,5,10,1000,geometric,0.5,5.0
25,159,32,PathIntegralAnnealingSampler,exact,True,2,1403.5,685.6920837099187,2.0468371056676062,43.439,5,10,1000,geometric,0.01,10.0
25,151,33,PathIntegralAnnealingSampler,lucas,True,2,992.0,677.2293056355468,1.464791898024933,43.611,5,10,1000,geometric,0.5,5.0
25,151,33,PathIntegralAnnealingSampler,exact,True,2,1304.5,677.2293056355468,1.926230877997505,43.323,5,10,1000,geometric,0.01,10.0
25,150,34,PathIntegralAnnealingSampler,lucas,True,1,975.0,727.9467547315744,1.3393836756089734,44.396,5,10,1000,geometric,0.5,5.0
25,150,34,PathIntegralAnnealingSampler,exact,True,1,1303.0,727.9467547315744,1.7899660813523,43.675,5,10,1000,geometric,0.01,10.0
25,153,35,PathIntegralAnnealingSampler,lucas,True,4,1020.25,661.0123706731238,1.5434658188939134,43.155,5,10,1000,geometric,0.5,5.0
25,153,35,PathIntegralAnnealingSampler,exact,False,0,,661.0123706731238,,43.478,5,10,1000,geometric,0.01,10.0
25,156,36,PathIntegralAnnealingSampler,lucas,True,5,1017.8,674.2481679042454,1.5095332081711266,42.384,5,10,1000,geometric,0.5,5.0
25,156,36,PathIntegralAnnealingSampler,exact,False,0,,674.2481679042454,,43.276,5,10,1000,geometric,0.01,10.0
25,159,37,PathIntegralAnnealingSampler,lucas,False,0,,722.7858618142717,,42.687,5,10,1000,geometric,0.5,5.0
25,159,37,PathIntegralAnnealingSampler,exact,True,1,1320.0,722.7858618142717,1.8262670449677245,43.759,5,10,1000,geometric,0.01,10.0
25,159,38,PathIntegralAnnealingSampler,lucas,True,3,1080.3333333333333,739.7319853078588,1.4604388545991076,43.168,5,10,1000,geometric,0.5,5.0
25,159,38,PathIntegralAnnealingSampler,exact,True,2,1378.0,739.7319853078588,1.8628368481680688,43.4,5,10,1000,geometric,0.01,10.0
25,143,39,PathIntegralAnnealingSampler,lucas,False,0,,623.486167896258,,44.182,5,10,1000,geometric,0.5,5.0
25,143,39,PathIntegralAnnealingSampler,exact,False,0,,623.486167896258,,44.078,5,10,1000,geometric,0.01,10.0
25,127,40,PathIntegralAnnealingSampler,lucas,True,4,785.25,530.8311311779219,1.4792840017832396,44.17,5,10,1000,geometric,0.5,5.0
25,127,40,PathIntegralAnnealingSampler,exact,True,1,1074.0,530.8311311779219,2.0232423023434567,43.579,5,10,1000,geometric,0.01,10.0
25,147,41,PathIntegralAnnealingSampler,lucas,False,0,,641.8748650619726,,44.132,5,10,1000,geometric,0.5,5.0
25,147,41,PathIntegralAnnealingSampler,exact,True,2,1282.5,641.8748650619726,1.9980530003713035,43.683,5,10,1000,geometric,0.01,10.0
25,160,42,PathIntegralAnnealingSampler,lucas,True,4,1115.25,673.760817338905,1.6552609936636071,43.368,5,10,1000,geometric,0.5,5.0
25,160,42,PathIntegralAnnealingSampler,exact,True,1,1478.0,673.760817338905,2.193656802183198,43.366,5,10,1000,geometric,0.01,10.0
25,135,43,PathIntegralAnnealingSampler,lucas,True,4,871.5,581.7388566389222,1.4980948754828127,43.796,5,10,1000,geometric,0.5,5.0
25,135,43,PathIntegralAnnealingSampler,exact,True,3,1175.0,581.7388566389222,2.019806630742748,43.983,5,10,1000,geometric,0.01,10.0
25,157,44,PathIntegralAnnealingSampler,lucas,True,3,1080.6666666666667,795.8292907718859,1.357912656894688,42.915,5,10,1000,geometric,0.5,5.0
25,157,44,PathIntegralAnnealingSampler,exact,True,1,1399.0,795.8292907718859,1.7579146887683543,43.708,5,10,1000,geometric,0.01,10.0
25,169,45,PathIntegralAnnealingSampler,lucas,True,1,1152.0,775.7747111186395,1.4849671992257354,42.845,5,10,1000,geometric,0.5,5.0
25,169,45,PathIntegralAnnealingSampler,exact,True,1,1451.0,775.7747111186395,1.8703883733303315,43.576,5,10,1000,geometric,0.01,10.0
25,146,46,PathIntegralAnnealingSampler,lucas,True,5,968.4,645.0700129094477,1.5012323943446741,42.832,5,10,1000,geometric,0.5,5.0
25,146,46,PathIntegralAnnealingSampler,exact,True,1,1280.0,645.0700129094477,1.984280736019396,43.21,5,10,1000,geometric,0.01,10.0
25,151,47,PathIntegralAnnealingSampler,lucas,True,3,973.0,655.5188376628457,1.4843204254344327,42.305,5,10,1000,geometric,0.5,5.0
25,151,47,PathIntegralAnnealingSampler,exact,False,0,,655.5188376628457,,43.488,5,10,1000,geometric,0.01,10.0
25,147,48,PathIntegralAnnealingSampler,lucas,True,3,962.0,642.9676484256985,1.4961872535195975,43.39,5,10,1000,geometric,0.5,5.0
25,147,48,PathIntegralAnnealingSampler,exact,True,2,1241.5,642.9676484256985,1.9308903069070482,43.46,5,10,1000,geometric,0.01,10.0
25,140,49,PathIntegralAnnealingSampler,lucas,True,3,891.0,554.0045521790336,1.608290033891386,43.052,5,10,1000,geometric,0.5,5.0
25,140,49,PathIntegralAnnealingSampler,exact,True,1,1266.0,554.0045521790336,2.2851797787951678,43.697,5,10,1000,geometric,0.01,10.0
25,137,50,PathIntegralAnnealingSampler,lucas,True,2,809.0,490.0,1.6510204081632653,43.869,5,10,1000,geometric,0.5,5.0
25,137,50,PathIntegralAnnealingSampler,exact,True,1,1059.0,490.0,2.1612244897959183,43.795,5,10,1000,geometric,0.01,10.0
25,150,51,PathIntegralAnnealingSampler,lucas,True,5,1006.4,751.1191665869852,1.3398672870684247,42.827,5,10,1000,geometric,0.5,5.0
25,150,51,PathIntegralAnnealingSampler,exact,True,2,1246.0,751.1191665869852,1.658857948814842,43.46,5,10,1000,geometric,0.01,10.0
25,147,52,PathIntegralAnnealingSampler,lucas,True,2,927.5,560.0000000000002,1.6562499999999993,42.746,5,10,1000,geometric,0.5,5.0
25,147,52,PathIntegralAnnealingSampler,exact,False,0,,560.0000000000002,,43.074,5,10,1000,geometric,0.01,10.0
25,142,53,PathIntegralAnnealingSampler,lucas,False,0,,525.0,,43.185,5,10,1000,geometric,0.5,5.0
25,142,53,PathIntegralAnnealingSampler,exact,False,0,,525.0,,65.38,5,10,1000,geometric,0.01,10.0
25,151,54,PathIntegralAnnealingSampler,lucas,True,5,993.8,708.832626652386,1.4020234998118433,43.773,5,10,1000,geometric,0.5,5.0
25,151,54,PathIntegralAnnealingSampler,exact,True,2,1319.5,708.832626652386,1.8615113785487296,43.616,5,10,1000,geometric,0.01,10.0
25,137,55,PathIntegralAnnealingSampler,lucas,True,2,900.0,554.3154223878398,1.6236243186650756,44.019,5,10,1000,geometric,0.5,5.0
25,137,55,PathIntegralAnnealingSampler,exact,False,0,,554.3154223878398,,43.425,5,10,1000,geometric,0.01,10.0
25,149,56,PathIntegralAnnealingSampler,lucas,False,0,,576.0,,42.657,5,10,1000,geometric,0.5,5.0
25,149,56,PathIntegralAnnealingSampler,exact,True,1,1336.0,576.0,2.3194444444444446,42.996,5,10,1000,geometric,0.01,10.0
25,158,57,PathIntegralAnnealingSampler,lucas,False,0,,648.0,,43.167,5,10,1000,geometric,0.5,5.0
25,158,57,PathIntegralAnnealingSampler,exact,True,2,1353.5,648.0,2.0887345679012346,43.56,5,10,1000,geometric,0.01,10.0
25,138,58,PathIntegralAnnealingSampler,lucas,True,5,912.8,605.5521780901769,1.5073845541747333,44.465,5,10,1000,geometric,0.5,5.0
25,138,58,PathIntegralAnnealingSampler,exact,True,1,1203.0,605.5521780901769,1.9866165848731423,43.599,5,10,1000,geometric,0.01,10.0
25,152,59,PathIntegralAnnealingSampler,lucas,True,2,1001.0,665.0915204693835,1.5050560249115064,43.728,5,10,1000,geometric,0.5,5.0
25,152,59,PathIntegralAnnealingSampler,exact,False,0,,665.0915204693835,,43.792,5,10,1000,geometric,0.01,10.0
25,141,60,PathIntegralAnnealingSampler,lucas,True,2,898.5,597.7690845730659,1.5030887732203813,42.893,5,10,1000,geometric,0.5,5.0
25,141,60,PathIntegralAnnealingSampler,exact,True,1,1125.0,597.7690845730659,1.881997629240878,43.3,5,10,1000,geometric,0.01,10.0
25,142,61,PathIntegralAnnealingSampler,lucas,True,3,926.3333333333334,620.5470213384308,1.4927689626732321,42.616,5,10,1000,geometric,0.5,5.0
25,142,61,PathIntegralAnnealingSampler,exact,True,1,1117.0,620.5470213384308,1.8000247549183161,43.99,5,10,1000,geometric,0.01,10.0
25,152,62,PathIntegralAnnealingSampler,lucas,True,4,1005.25,705.600640536659,1.4246727429774393,43.366,5,10,1000,geometric,0.5,5.0
25,152,62,PathIntegralAnnealingSampler,exact,True,1,1332.0,705.600640536659,1.8877533883570745,43.755,5,10,1000,geometric,0.01,10.0
25,143,63,PathIntegralAnnealingSampler,lucas,False,0,,532.0,,42.582,5,10,1000,geometric,0.5,5.0
25,143,63,PathIntegralAnnealingSampler,exact,False,0,,532.0,,43.292,5,10,1000,geometric,0.01,10.0
25,150,64,PathIntegralAnnealingSampler,lucas,True,1,1017.0,584.0,1.7414383561643836,42.8,5,10,1000,geometric,0.5,5.0
25,150,64,PathIntegralAnnealingSampler,exact,False,0,,584.0,,43.368,5,10,1000,geometric,0.01,10.0
25,148,65,PathIntegralAnnealingSampler,lucas,False,0,,568.0,,44.473,5,10,1000,geometric,0.5,5.0
25,148,65,PathIntegralAnnealingSampler,exact,True,2,1226.0,568.0,2.158450704225352,44.128,5,10,1000,geometric,0.01,10.0
25,157,66,PathIntegralAnnealingSampler,lucas,True,4,1053.25,765.5871378705209,1.3757415033507652,45.419,5,10,1000,geometric,0.5,5.0
25,157,66,PathIntegralAnnealingSampler,exact,True,1,1306.0,765.5871378705209,1.70588027854365,44.144,5,10,1000,geometric,0.01,10.0
25,153,67,PathIntegralAnnealingSampler,lucas,True,2,1049.0,767.2151727425303,1.3672826571588592,43.775,5,10,1000,geometric,0.5,5.0
25,153,67,PathIntegralAnnealingSampler,exact,False,0,,767.2151727425303,,43.387,5,10,1000,geometric,0.01,10.0
25,159,68,PathIntegralAnnealingSampler,lucas,True,4,1070.75,656.0,1.6322408536585367,45.199,5,10,1000,geometric,0.5,5.0
25,159,68,PathIntegralAnnealingSampler,exact,False,0,,656.0,,44.191,5,10,1000,geometric,0.01,10.0
25,139,69,PathIntegralAnnealingSampler,lucas,True,4,861.75,610.3292709049275,1.4119427677494383,43.111,5,10,1000,geometric,0.5,5.0
25,139,69,PathIntegralAnnealingSampler,exact,True,1,1252.0,610.3292709049275,2.051351720594484,43.772,5,10,1000,geometric,0.01,10.0
25,160,70,PathIntegralAnnealingSampler,lucas,False,0,,705.3352021639643,,42.188,5,10,1000,geometric,0.5,5.0
25,160,70,PathIntegralAnnealingSampler,exact,True,2,1414.5,705.3352021639643,2.0054294690812573,43.756,5,10,1000,geometric,0.01,10.0
25,155,71,PathIntegralAnnealingSampler,lucas,True,1,1014.0,624.0,1.625,42.984,5,10,1000,geometric,0.5,5.0
25,155,71,PathIntegralAnnealingSampler,exact,False,0,,624.0,,43.567,5,10,1000,geometric,0.01,10.0
25,146,72,PathIntegralAnnealingSampler,lucas,True,4,954.0,654.1776982730129,1.458319356527284,43.072,5,10,1000,geometric,0.5,5.0
25,146,72,PathIntegralAnnealingSampler,exact,True,2,1263.0,654.1776982730129,1.9306680789244863,43.238,5,10,1000,geometric,0.01,10.0
25,138,73,PathIntegralAnnealingSampler,lucas,True,3,886.0,681.6716487806821,1.2997460017367652,43.487,5,10,1000,geometric,0.5,5.0
25,138,73,PathIntegralAnnealingSampler,exact,False,0,,681.6716487806821,,44.422,5,10,1000,geometric,0.01,10.0
25,170,74,PathIntegralAnnealingSampler,lucas,True,4,1182.25,890.2258007193656,1.3280338528097682,44.197,5,10,1000,geometric,0.5,5.0
25,170,74,PathIntegralAnnealingSampler,exact,True,2,1418.0,890.2258007193656,1.5928543060133231,43.456,5,10,1000,geometric,0.01,10.0
25,155,75,PathIntegralAnnealingSampler,lucas,True,5,1027.4,756.7974686347256,1.3575626803475513,43.373,5,10,1000,geometric,0.5,5.0
25,155,75,PathIntegralAnnealingSampler,exact,True,1,1307.0,756.7974686347256,1.7270142332239142,44.348,5,10,1000,geometric,0.01,10.0
25,158,76,PathIntegralAnnealingSampler,lucas,True,5,1051.8,762.3200000699899,1.379735544001774,42.379,5,10,1000,geometric,0.5,5.0
25,158,76,PathIntegralAnnealingSampler,exact,True,1,1345.0,762.3200000699899,1.7643509285818466,44.11,5,10,1000,geometric,0.01,10.0
25,161,77,PathIntegralAnnealingSampler,lucas,True,1,1097.0,747.9340718037364,1.4667068146186302,42.585,5,10,1000,geometric,0.5,5.0
25,161,77,PathIntegralAnnealingSampler,exact,True,1,1444.0,747.9340718037364,1.9306514496894274,43.34,5,10,1000,geometric,0.01,10.0
25,142,78,PathIntegralAnnealingSampler,lucas,True,2,894.0,630.0157394954533,1.4190121674038776,44.742,5,10,1000,geometric,0.5,5.0
25,142,78,PathIntegralAnnealingSampler,exact,True,1,1248.0,630.0157394954533,1.98090289140944,44.781,5,10,1000,geometric,0.01,10.0
25,156,79,PathIntegralAnnealingSampler,lucas,False,0,,632.0,,43.585,5,10,1000,geometric,0.5,5.0
25,156,79,PathIntegralAnnealingSampler,exact,False,0,,632.0,,43.24,5,10,1000,geometric,0.01,10.0
25,170,80,PathIntegralAnnealingSampler,lucas,True,1,1164.0,750.0,1.552,42.732,5,10,1000,geometric,0.5,5.0
25,170,80,PathIntegralAnnealingSampler,exact,True,1,1430.0,750.0,1.9066666666666667,44.128,5,10,1000,geometric,0.01,10.0
25,152,81,PathIntegralAnnealingSampler,lucas,True,1,1039.0,600.0,1.7316666666666667,43.327,5,10,1000,geometric,0.5,5.0
25,152,81,PathIntegralAnnealingSampler,exact,False,0,,600.0,,43.566,5,10,1000,geometric,0.01,10.0
25,151,82,PathIntegralAnnealingSampler,lucas,True,4,1017.25,744.8650049136546,1.365683705489588,43.287,5,10,1000,geometric,0.5,5.0
25,151,82,PathIntegralAnnealingSampler,exact,True,3,1310.3333333333333,744.8650049136546,1.7591554505708429,43.477,5,10,1000,geometric,0.01,10.0
25,158,83,PathIntegralAnnealingSampler,lucas,True,4,1057.75,756.7878764697947,1.3976835952157558,42.608,5,10,1000,geometric,0.5,5.0
25,158,83,PathIntegralAnnealingSampler,exact,False,0,,756.7878764697947,,43.752,5,10,1000,geometric,0.01,10.0
25,141,84,PathIntegralAnnealingSampler,lucas,True,5,907.0,624.2850155751497,1.4528620379657629,43.972,5,10,1000,geometric,0.5,5.0
25,141,84,PathIntegralAnnealingSampler,exact,True,2,1211.5,624.2850155751497,1.9406200209432434,43.512,5,10,1000,geometric,0.01,10.0
25,145,85,PathIntegralAnnealingSampler,lucas,True,4,925.75,651.1471394719073,1.4217216722334078,43.753,5,10,1000,geometric,0.5,5.0
25,145,85,PathIntegralAnnealingSampler,exact,True,1,1246.0,651.1471394719073,1.9135459936298418,43.954,5,10,1000,geometric,0.01,10.0
25,153,86,PathIntegralAnnealingSampler,lucas,True,2,1001.0,608.0,1.6463815789473684,42.458,5,10,1000,geometric,0.5,5.0
25,153,86,PathIntegralAnnealingSampler,exact,True,1,1279.0,608.0,2.1036184210526314,43.81,5,10,1000,geometric,0.01,10.0
25,148,87,PathIntegralAnnealingSampler,lucas,True,2,956.5,711.9602681316488,1.3434738465252856,43.38,5,10,1000,geometric,0.5,5.0
25,148,87,PathIntegralAnnealingSampler,exact,False,0,,711.9602681316488,,43.36,5,10,1000,geometric,0.01,10.0
25,153,88,PathIntegralAnnealingSampler,lucas,True,5,1007.4,751.680604643287,1.3401968785373486,47.711,5,10,1000,geometric,0.5,5.0
25,153,88,PathIntegralAnnealingSampler,exact,False,0,,751.680604643287,,44.186,5,10,1000,geometric,0.01,10.0
25,156,89,PathIntegralAnnealingSampler,lucas,True,5,1038.2,649.7391645234835,1.5978719718418273,42.586,5,10,1000,geometric,0.5,5.0
25,156,89,PathIntegralAnnealingSampler,exact,True,2,1350.0,649.7391645234835,2.0777568503048225,43.531,5,10,1000,geometric,0.01,10.0
25,151,90,PathIntegralAnnealingSampler,lucas,False,0,,592.0,,43.227,5,10,1000,geometric,0.5,5.0
25,151,90,PathIntegralAnnealingSampler,exact,True,2,1285.5,592.0,2.1714527027027026,43.476,5,10,1000,geometric,0.01,10.0
25,158,91,PathIntegralAnnealingSampler,lucas,True,2,1055.0,648.0,1.6280864197530864,42.967,5,10,1000,geometric,0.5,5.0
25,158,91,PathIntegralAnnealingSampler,exact,True,2,1358.5,648.0,2.0964506172839505,43.285,5,10,1000,geometric,0.01,10.0
25,129,92,PathIntegralAnnealingSampler,lucas,True,3,801.6666666666666,536.3175358222722,1.4947612433323962,43.923,5,10,1000,geometric,0.5,5.0
25,129,92,PathIntegralAnnealingSampler,exact,True,1,1058.0,536.3175358222722,1.9727119277908631,43.867,5,10,1000,geometric,0.01,10.0
25,167,93,PathIntegralAnnealingSampler,lucas,False,0,,731.2240014882187,,42.472,5,10,1000,geometric,0.5,5.0
25,167,93,PathIntegralAnnealingSampler,exact,True,1,1376.0,731.2240014882187,1.8817763054816379,43.724,5,10,1000,geometric,0.01,10.0
25,155,94,PathIntegralAnnealingSampler,lucas,True,3,1034.0,671.1596676769276,1.5406170093309761,42.456,5,10,1000,geometric,0.5,5.0
25,155,94,PathIntegralAnnealingSampler,exact,False,0,,671.1596676769276,,43.752,5,10,1000,geometric,0.01,10.0
25,150,95,PathIntegralAnnealingSampler,lucas,True,4,1009.25,692.867143276406,1.456628460151096,43.025,5,10,1000,geometric,0.5,5.0
25,150,95,PathIntegralAnnealingSampler,exact,True,2,1315.0,692.867143276406,1.8979107506551312,43.179,5,10,1000,geometric,0.01,10.0
25,157,96,PathIntegralAnnealingSampler,lucas,True,2,1082.5,728.956309068914,1.4849998367977122,42.736,5,10,1000,geometric,0.5,5.0
25,157,96,PathIntegralAnnealingSampler,exact,True,1,1224.0,728.956309068914,1.6791129794368589,43.805,5,10,1000,geometric,0.01,10.0
25,145,97,PathIntegralAnnealingSampler,lucas,True,5,952.8,687.5683810546944,1.3857530774443902,43.724,5,10,1000,geometric,0.5,5.0
25,145,97,PathIntegralAnnealingSampler,exact,True,1,1129.0,687.5683810546944,1.6420184975175447,43.765,5,10,1000,geometric,0.01,10.0
25,145,98,PathIntegralAnnealingSampler,lucas,True,5,982.2,714.7358592073996,1.374213966386411,44.696,5,10,1000,geometric,0.5,5.0
25,145,98,PathIntegralAnnealingSampler,exact,True,1,1220.0,714.7358592073996,1.706924291377949,43.193,5,10,1000,geometric,0.01,10.0
25,145,99,PathIntegralAnnealingSampler,lucas,True,1,924.0,608.6435414151038,1.5181299679146987,44.089,5,10,1000,geometric,0.5,5.0
25,145,99,PathIntegralAnnealingSampler,exact,True,1,1226.0,608.6435414151038,2.0143153037482904,43.282,5,10,1000,geometric,0.01,10.0
5,5,0,PathIntegralAnnealingSampler,lucas,True,5,7.0,7.0,1.0,0.722,5,10,1000,geometric,0.5,5.0
5,5,0,PathIntegralAnnealingSampler,exact,True,5,7.2,7.0,1.0285714285714287,0.676,5,10,1000,geometric,0.01,10.0
5,8,1,PathIntegralAnnealingSampler,lucas,True,5,14.0,13.0,1.0769230769230769,0.713,5,10,1000,geometric,0.5,5.0
5,8,1,PathIntegralAnnealingSampler,exact,True,5,14.2,13.0,1.0923076923076922,0.672,5,10,1000,geometric,0.01,10.0
5,6,2,PathIntegralAnnealingSampler,lucas,True,5,10.0,9.0,1.1111111111111112,0.726,5,10,1000,geometric,0.5,5.0
5,6,2,PathIntegralAnnealingSampler,exact,True,5,10.0,9.0,1.1111111111111112,0.668,5,10,1000,geometric,0.01,10.0
5,6,3,PathIntegralAnnealingSampler,lucas,True,5,9.0,9.0,1.0,0.729,5,10,1000,geometric,0.5,5.0
5,6,3,PathIntegralAnnealingSampler,exact,True,5,9.0,9.0,1.0,0.67,5,10,1000,geometric,0.01,10.0
5,4,4,PathIntegralAnnealingSampler,lucas,True,5,5.0,4.5,1.1111111111111112,0.721,5,10,1000,geometric,0.5,5.0
5,4,4,PathIntegralAnnealingSampler,exact,True,5,5.2,4.5,1.1555555555555557,0.663,5,10,1000,geometric,0.01,10.0
5,5,5,PathIntegralAnnealingSampler,lucas,True,5,6.0,6.0,1.0,0.869,5,10,1000,geometric,0.5,5.0
5,5,5,PathIntegralAnnealingSampler,exact,True,5,6.4,6.0,1.0666666666666667,0.675,5,10,1000,geometric,0.01,10.0
5,6,6,PathIntegralAnnealingSampler,lucas,True,5,8.0,8.0,1.0,0.711,5,10,1000,geometric,0.5,5.0
5,6,6,PathIntegralAnnealingSampler,exact,True,5,8.4,8.0,1.05,0.673,5,10,1000,geometric,0.01,10.0
5,6,7,PathIntegralAnnealingSampler,lucas,True,5,8.0,8.0,1.0,0.733,5,10,1000,geometric,0.5,5.0
5,6,7,PathIntegralAnnealingSampler,exact,True,5,9.2,8.0,1.15,0.672,5,10,1000,geometric,0.01,10.0
5,6,8,PathIntegralAnnealingSampler,lucas,True,5,9.0,8.0,1.125,0.719,5,10,1000,geometric,0.5,5.0
5,6,8,PathIntegralAnnealingSampler,exact,True,5,9.2,8.0,1.15,0.671,5,10,1000,geometric,0.01,10.0
5,5,9,PathIntegralAnnealingSampler,lucas,True,5,6.0,6.0,1.0,0.727,5,10,1000,geometric,0.5,5.0
5,5,9,PathIntegralAnnealingSampler,exact,True,5,6.8,6.0,1.1333333333333333,0.67,5,10,1000,geometric,0.01,10.0
5,5,10,PathIntegralAnnealingSampler,lucas,True,5,7.0,6.0,1.1666666666666667,0.895,5,10,1000,geometric,0.5,5.0
5,5,10,PathIntegralAnnealingSampler,exact,True,5,7.2,6.0,1.2,0.674,5,10,1000,geometric,0.01,10.0
5,7,11,PathIntegralAnnealingSampler,lucas,True,5,12.0,11.0,1.0909090909090908,0.72,5,10,1000,geometric,0.5,5.0
5,7,11,PathIntegralAnnealingSampler,exact,True,5,12.0,11.0,1.0909090909090908,0.673,5,10,1000,geometric,0.01,10.0
5,7,12,PathIntegralAnnealingSampler,lucas,True,5,11.0,10.0,1.1,0.707,5,10,1000,geometric,0.5,5.0
5,7,12,PathIntegralAnnealingSampler,exact,True,5,11.4,10.0,1.1400000000000001,0.667,5,10,1000,geometric,0.01,10.0
5,9,13,PathIntegralAnnealingSampler,lucas,True,5,16.0,16.0,1.0,0.715,5,10,1000,geometric,0.5,5.0
5,9,13,PathIntegralAnnealingSampler,exact,True,5,16.2,16.0,1.0125,0.671,5,10,1000,geometric,0.01,10.0
5,7,14,PathIntegralAnnealingSampler,lucas,True,5,10.0,10.0,1.0,0.716,5,10,1000,geometric,0.5,5.0
5,7,14,PathIntegralAnnealingSampler,exact,True,5,11.2,10.0,1.1199999999999999,0.668,5,10,1000,geometric,0.01,10.0
5,4,15,PathIntegralAnnealingSampler,lucas,True,5,6.0,5.0,1.2,0.715,5,10,1000,geometric,0.5,5.0
5,4,15,PathIntegralAnnealingSampler,exact,True,5,6.0,5.0,1.2,0.667,5,10,1000,geometric,0.01,10.0
5,4,16,PathIntegralAnnealingSampler,lucas,True,5,4.0,4.0,1.0,0.733,5,10,1000,geometric,0.5,5.0
5,4,16,PathIntegralAnnealingSampler,exact,True,5,4.8,4.0,1.2,0.672,5,10,1000,geometric,0.01,10.0
5,8,17,PathIntegralAnnealingSampler,lucas,True,5,13.0,13.0,1.0,0.717,5,10,1000,geometric,0.5,5.0
5,8,17,PathIntegralAnnealingSampler,exact,True,5,13.0,13.0,1.0,0.675,5,10,1000,geometric,0.01,10.0
5,5,18,PathIntegralAnnealingSampler,lucas,True,5,8.0,8.0,1.0,0.737,5,10,1000,geometric,0.5,5.0
5,5,18,PathIntegralAnnealingSampler,exact,True,5,8.0,8.0,1.0,0.671,5,10,1000,geometric,0.01,10.0
5,7,19,PathIntegralAnnealingSampler,lucas,True,5,12.0,10.0,1.2,0.718,5,10,1000,geometric,0.5,5.0
5,7,19,PathIntegralAnnealingSampler,exact,True,5,12.0,10.0,1.2,0.67,5,10,1000,geometric,0.01,10.0
5,10,20,PathIntegralAnnealingSampler,lucas,True,5,20.0,20.0,1.0,0.723,5,10,1000,geometric,0.5,5.0
5,10,20,PathIntegralAnnealingSampler,exact,True,5,20.0,20.0,1.0,0.67,5,10,1000,geometric,0.01,10.0
